date,Market_raw,Credit_raw,Capex_Supply_Manual_raw,Infra_Manual_raw,Adoption_raw,Sentiment_raw,Capex_Supply_raw,Infra_raw,Market,Credit,Capex_Supply,Infra,Adoption,Sentiment,AIBPS,AIBPS_RA
1980-06-30,,10.58,,35.60793298691857,16.46475,-1.802890312494004,,35.60793298691857,,,,20.796730861902184,28.641271577166975,49.1938331783638,32.87727853914432,32.87727853914432
1980-07-31,,11.07,,37.99415494087806,18.17925,-1.5480844776484168,,37.99415494087806,,,,53.09713788135419,81.50644713077521,61.36996333127033,65.32451611446658,49.10089732680545
1980-08-31,,11.64,,38.53750705301864,18.17925,-1.194187484807323,,38.53750705301864,,,,60.687390278421226,77.20207570754474,74.53096769676732,70.80681122757775,56.33620196039622
1980-09-30,,12.02,,38.07903621793794,18.17925,-0.7411993339707228,,38.07903621793794,,,,52.71912286333773,74.32660957272654,82.947787834005,69.99784009002309,68.70972247735581
1980-10-31,,12.31,,37.94389010179876,18.99725,-0.6491861158320387,,37.94389010179876,,,,49.39365728996458,84.12952265324763,80.91028640052542,71.4778221145792,70.76082447739334
1980-11-30,,12.97,,38.41957039180447,18.99725,-0.5288611382660666,,38.41957039180447,,,,56.13989951363815,80.41049436131843,80.24289056813761,72.26442814769806,71.24669678410011
1980-12-31,,13.21,,40.193839524159294,18.99725,-1.3923698007983354,,40.193839524159294,,,,79.04237900439853,77.70126179750024,50.24915656784591,68.99759912324822,70.9132831285085
1981-01-31,,12.81,,41.5939737342332,20.62425,-0.9039919506776256,,41.5939737342332,,,,89.16287133019173,89.58896095348682,68.62479453690847,82.45887560686234,74.57363429260288
1981-02-28,,13.35,,39.82702225943332,20.62425,-1.22249924423461,,39.82702225943332,,,,75.12047766524147,85.62865555708132,55.67234903154432,72.14049408462236,74.5323229382443
1981-03-31,,13.33,,39.2166211809521,20.62425,-1.2508110036618978,,39.2166211809521,,77.3780628639999,,67.01942963897754,82.6284972049538,54.28111051494684,70.32677505571951,74.9753815824014
1981-04-30,,13.88,,37.87722378773493,18.1365,-0.833212552109407,,37.87722378773493,,83.16752733453254,,46.22086318815658,46.37255742331101,70.86570905426234,61.65666425006562,68.04131113013584
1981-05-31,,14.32,,37.62790509622365,18.1365,-0.5571728976933545,,37.62790509622365,,85.38864065433954,,41.43499924035715,46.47595611074794,78.3367957307418,62.9090979340466,64.9641790799439
1981-06-30,,13.75,,39.04250078453165,18.1365,-0.7836669731116547,,39.04250078453165,,76.0402731758476,,62.89057480882069,46.57101771170362,69.71317625451789,63.80376048772245,62.78984089061155
1981-07-31,,14.38,,39.86404162544007,20.46675,-0.712887574543436,,39.86404162544007,,82.64587365184252,,72.88452014049506,81.42476094014141,71.40720611279005,77.09059021131726,67.93448287769543
1981-08-31,,14.89,,39.55786870757519,20.46675,-0.4934714389819573,,39.55786870757519,,85.52657022344911,,67.73605653322174,79.67097030062591,77.38716175090143,77.58018970204955,72.82484680036309
1981-09-30,,15.49,,38.29746295089432,20.46675,-0.7836669731116547,,38.29746295089432,,87.78718811860186,,47.45907193452073,78.18138351742044,66.44379754248546,69.96786027825712,74.87954673054132
1981-10-31,,15.4,,37.86101485440427,18.8605,-0.9818492891026668,,37.86101485440427,,84.82303081664644,,39.76989824821417,53.97644544102354,57.780603318294645,59.0874944560447,68.87851481211713
1981-11-30,,14.22,,37.98131203427256,18.8605,-1.5339285979347728,,37.98131203427256,,70.23386643410716,,41.41674630343595,53.891163532638295,33.34335827924718,49.721283637357146,59.59221279055299
1981-12-31,,14.23,,40.158219512120446,18.8605,-1.4065256805119792,,40.158219512120446,,69.73238965749941,,73.84654962992217,53.81113708531328,39.14437480091662,59.133612793412865,55.980796962271576
1982-01-31,,15.18,,41.67577840482468,20.94375,-0.9323037101049136,,41.67577840482468,,80.44312187718153,,86.19188370192107,82.20780722161355,60.943924080551426,77.4466842203169,62.100526883695636
1982-02-28,,15.27,,39.6860698533736,20.94375,-1.2508110036618978,,39.6860698533736,,80.05383838569557,,65.41429570826983,80.07848881406058,45.9637621017495,67.87759625244388,68.15263108872455
1982-03-31,,14.58,,38.59474957768167,20.94375,-1.5693182972188822,,38.59474957768167,,70.90065938037395,,49.78973735839117,78.11451267118447,30.290034650055553,57.27373601500129,67.53267216258736
1982-04-30,,14.46,,37.05018098793056,21.585,-1.3215904022301166,,37.05018098793056,,68.68360269159626,,26.59720148972285,83.10252476420708,38.57109028480983,54.238604807584,59.79664569167639
1982-05-31,,14.26,,35.606398739955466,21.585,-1.1800316050936792,,35.606398739955466,,65.3093979415908,,11.656041378025972,81.86727681583098,42.392242148263776,50.30623957092788,53.93952679783772
1982-06-30,,14.81,,36.35231533681902,21.585,-1.3074345225164727,,36.35231533681902,,72.71217331523036,,16.560430184639976,81.11826684017885,31.752482310046176,50.53583816252383,51.6935608470119
1982-07-31,,14.61,,37.22220779554789,21.96575,-1.328668342086938,,37.22220779554789,,69.39473049528368,,27.25556212130321,83.05717804156754,29.262280168357595,52.242437706628,51.028171813359904
1982-08-31,,13.71,,37.176641028332384,21.96575,-1.328668342086938,,37.176641028332384,,54.7023101985584,,27.807078290364174,81.05904702047489,29.823391634905988,48.34795678607586,50.375410885075894
1982-09-30,,12.94,,36.44358149679517,21.96575,-1.0526286876708857,,36.44358149679517,,41.33032960313607,,20.763485963488325,79.25833353567302,50.13424270953962,47.871597952959256,49.48733081522104
1982-10-31,,12.12,,36.191530220962775,22.7505,-0.7624331535411882,,36.191530220962775,,28.635312723476776,,19.904325734371827,84.84955876866758,71.4022511025376,51.19786208226345,49.13913894043285
1982-11-30,,11.68,,36.96080337406384,22.7505,-0.8544463716798734,,36.96080337406384,,23.391669499937322,,29.486711967875628,82.54312530246376,67.03522196152043,50.61418218294929,49.894547406057335
1982-12-31,,11.83,,37.66186896476336,22.7505,-0.8686022513935163,,37.66186896476336,,25.975764228895088,,40.16576426470138,80.43665285254643,64.63018862293555,52.802092492269615,51.538045585827454
1983-01-31,,11.79,,40.0770818117256,24.4215,-0.9747713492458444,,40.0770818117256,,26.021608868057033,,76.75962268823105,89.70811420893025,56.52306336591957,62.25310228278447,55.2231256526678
1983-02-28,,12.01,,38.04918007381236,24.4215,-0.6774978752593266,,38.04918007381236,,29.57501001443586,,47.869969437215886,86.92745026504541,75.89005708456983,60.06562170031675,58.37360549179028
1983-03-31,,11.73,,38.103605480511405,24.4215,-0.2386656041363703,,38.103605480511405,,26.141240998988994,,49.55303710662877,84.39629165829255,89.84398390522612,62.48363841728411,61.60078746679511
1983-04-30,,11.51,,37.973166398700464,25.17025,0.3488034039798449,,37.973166398700464,,23.871158444137862,,47.27639576523304,86.62268957890976,94.95725390966051,63.18187442448529,61.91037818069538
1983-05-31,,11.46,,36.774567701671366,25.17025,0.6460768779663638,,36.774567701671366,,23.85992842491918,,29.233802917234524,84.7095420992647,94.46368877118078,58.06674055314979,61.24408446497307
1983-06-30,,11.74,,37.35273413574867,25.17025,0.5682195395413235,,37.35273413574867,,28.071800160774536,,38.86609168652145,83.10466386782352,90.62458350684545,60.16678480549124,60.47179992770878
1983-07-31,,12.15,,40.153458862327184,23.17375,0.6106871786822544,,40.153458862327184,,34.513333344717616,,80.24952768895342,62.9565030087891,88.3813926040189,66.52518916161976,61.58623817342026
1983-08-31,,12.51,,41.64630974753437,23.17375,0.4762063214026394,,41.64630974753437,,40.62812996429066,,89.37868504987127,61.73445832061443,84.08848819799637,68.95744038319319,65.2164714501014
1983-09-30,,12.37,,40.685552036755766,23.17375,0.4054269228344207,,40.685552036755766,,38.37833882849138,,80.51854523538687,60.50673649061843,80.6712472244215,65.01871694472955,66.83378216318083
1983-10-31,,12.25,,40.07867352793861,23.577,0.3629592836934888,,40.07867352793861,,36.525304525059035,,72.97761647655892,64.02589134894761,77.8482233003601,62.844258912731405,65.60680541355138
1983-11-30,,12.41,,40.66450166069309,23.577,0.4903622011162823,,40.66450166069309,,39.40680168315161,,77.18663543195117,62.63278028315107,78.56436407718864,64.44764536886063,64.10354040877387
1983-12-31,,12.57,,43.77490459643225,23.577,0.709778336677761,,43.77490459643225,,42.34250623676123,,92.14952595987145,61.255983126492865,80.71195769566962,69.11499325469879,65.46896584543028
1984-01-31,,12.2,,45.997282310182456,25.54825,1.127376788230251,,45.997282310182456,,35.97742891537582,,94.59843404867301,84.79254251015213,84.84539032230607,75.05344894912676,69.53869585756205
1984-02-29,,12.08,,43.9471098295514,25.54825,0.9362724120960612,,43.9471098295514,,34.14585998968257,,86.17970187339988,82.91948209752807,79.73255029366703,70.74439856356939,71.63761358913165
1984-03-31,,12.57,,43.60060387423798,25.54825,1.191078246941648,,43.60060387423798,,42.94216840361597,,82.31968798408099,81.31570778613691,82.03154977882794,72.15227848816545,72.6500420002872
1984-04-30,,12.81,,42.542147524163205,25.641,0.844259193957376,,42.542147524163205,,47.48880511106227,,74.59687777466199,80.45009328672464,73.96954073992661,69.12632922809388,70.67433542660957
1984-05-31,,13.28,,42.12864674974607,25.641,0.9858179910938134,,42.12864674974607,,56.419369089607706,,70.31831854303033,78.78755747929225,75.2369741753973,70.1905548218319,70.48972084603041
1984-06-30,,13.55,,42.723117151434735,25.641,0.8017915548164452,,42.723117151434735,,61.35919670898197,,72.80934972761081,77.33696693818143,69.68055923476152,70.29651815238394,69.87113406743657
1984-07-31,,13.44,,43.133055398681314,25.653,0.8796488932414853,,43.133055398681314,,59.20869119258543,,73.84143338488111,75.98667461769467,70.2588454936267,69.82391117219697,70.1036613821376
1984-08-31,,12.87,,43.70929773063673,25.653,1.0565973896620322,,43.70929773063673,,48.10542853691667,,75.73309500602083,74.66365851987867,73.5286314681003,68.00770338272912,69.37604423577001
1984-09-30,,12.66,,42.50138494200437,25.653,1.1840003070848266,,42.50138494200437,,44.01473000750612,,65.78905521043693,73.57541553831457,75.43356226644522,64.7031907556757,67.51160177020058
1984-10-31,,12.63,,41.88823692433021,25.4255,0.85841507367102,,41.88823692433021,,43.48207932844049,,59.12920433845682,68.07552417067065,64.60057290635264,58.821845185980145,63.84424644146165
1984-11-30,,12.29,,42.68364646243951,25.4255,0.8159474345300891,,42.68364646243951,,37.021582720319905,,64.79009539058758,66.70586891103375,61.668789769903064,57.546584197961074,60.35720671320564
1984-12-31,,12.13,,43.93258088979735,25.4255,0.6177651185390769,,43.93258088979735,,34.21790525617257,,73.6461245332474,65.38940914845135,51.538487040365624,56.19798149455924,57.52213695950015
1985-01-31,,12.08,,46.99650636602232,27.48325,0.4647775674086861,,46.99650636602232,,32.76234623742471,,87.82817026302506,91.20140984449992,39.6868370122754,62.86969083930627,58.87141884394219
1985-02-28,,12.13,,47.102403376600805,27.48325,0.1116893867122439,,47.102403376600805,,33.790765398501165,,85.92007204808849,88.25092028805277,16.29521334536217,56.064242770001144,58.37730503462222
1985-03-31,,12.56,,44.330146886435344,27.48325,0.2482376239879307,,44.330146886435344,,42.297296923388195,,67.74158777809296,85.561124115875,18.344539356568788,53.486137043481236,57.47335688426288
1985-04-30,,12.23,,43.43321731960197,27.5785,0.1828415017392833,,43.43321731960197,,35.72241892559704,,58.46523290099843,84.03177333096085,16.34597817053104,48.64135083202184,52.730576881834736
1985-05-31,,11.72,,42.87097292204926,27.5785,0.2628264977399423,,42.87097292204926,,26.220051003520695,,50.488868734285845,81.81529415845387,21.83961315616929,45.09095676310742,49.07281487953683
1985-06-30,,10.94,,43.40750687791467,27.5785,0.5601153889807859,,43.40750687791467,,15.294642830583062,,54.40206321751519,79.77842397871463,41.251946047637965,47.68176901861271,47.13802553791398
1985-07-31,,10.97,,44.71511579731303,28.554,0.4227919438523178,,44.71511579731303,,15.69858787986238,,69.32848080048261,86.1298469720512,32.183110549367676,50.83500655044096,47.86924411072036
1985-08-31,,11.05,,44.838099116919054,28.554,0.3533561344912059,,44.838099116919054,,16.986321942014346,,69.28100619489116,84.26457153141632,28.281595633748672,49.70337382551763,49.40671646485709
1985-09-30,,11.07,,44.49548339164197,28.554,0.3427646271966388,,44.49548339164197,,17.759916879904697,,63.555836398007884,82.70777066201528,27.930204739942642,47.98843216996763,49.50893751530873
1985-10-31,,11.02,,43.696361170006256,27.90125,0.1007687532531592,,43.696361170006256,,17.828729049323748,,49.723391488162,74.32354768846876,17.159774768526763,39.758860748620314,45.81688891470185
1985-11-30,,10.55,,44.0803646010696,27.90125,0.2512372096740728,,44.0803646010696,,13.926445583283217,,54.131226715100354,73.20289686599052,25.208640088112617,41.61730231312168,43.121531743903205
1985-12-31,,10.16,,47.46167729542166,27.90125,0.4736049724221929,,47.46167729542166,,11.764973657560777,,90.33543151032923,72.41032936514156,39.34096014037499,53.46292366835164,44.94636224336454
1986-01-31,,10.05,,48.43891466610684,29.67225,0.7690152615004058,,48.43891466610684,,12.008420712578612,,92.24073291661544,88.92157024422573,61.19554121981622,63.591566273309,52.89059741826077
1986-02-28,,9.67,,46.994246038214726,29.67225,0.8162818479823448,,46.994246038214726,,10.538871462483208,,81.68073135827879,86.301594165143,64.92232288354926,60.86087996736356,59.30512330300806
1986-03-31,,9.0,,45.35754266569035,29.67225,0.7955433486498888,,45.35754266569035,,8.093352180148052,,63.76106426382315,83.92747511958531,65.52605939050605,55.32698773851564,59.926477993062726
1986-04-30,,8.79,,44.65889851649712,29.34675,0.7325319265029566,,44.65889851649712,,8.319835446153608,,53.57366348243335,78.74611050784192,61.36954333242372,50.50228819221314,55.56338529936411
1986-05-31,,9.09,,44.54191750188853,29.34675,0.4991724734743561,,44.54191750188853,,10.978749570452365,,50.6046644907547,76.92571415165537,44.44870300291807,45.73945780394513,50.5229112448913
1986-06-30,,9.13,,45.63137139337898,29.34675,0.5534345158207657,,45.63137139337898,,12.315450269833413,,64.27138936441841,75.23761856656171,49.752755481979975,50.39430342069838,48.878683138952205
1986-07-31,,8.88,,47.56300269896891,29.07725,0.5964287822605849,,47.56300269896891,,11.81145307249018,,82.34518139805999,70.2024597457011,54.44133693331001,54.70010778739032,50.2779563373446
1986-08-31,,8.72,,46.85484827002104,29.07725,0.4499839601034875,,46.85484827002104,,11.792356959539525,,74.13450705768031,68.77688733703758,43.620972197293995,49.581180887887854,51.55853069865884
1986-09-30,,8.89,,46.15722028189983,29.07725,0.3901182111864336,,46.15722028189983,,13.54482172126286,,64.71731930923652,67.41148344261684,39.74877031770696,46.355598697705794,50.21229579099465
1986-10-31,,8.86,,45.62399175484511,28.67475,0.3084147086516651,,45.62399175484511,,14.008010121430004,,55.809589080407086,58.644140564478164,33.05839177817294,40.38003288612205,45.438937490571895
1986-11-30,,8.68,,46.07122445690712,28.67475,0.1961815034047392,,46.07122445690712,,13.73009377731376,,60.95911562461691,56.76981197605573,24.323986222091584,38.945751900019495,41.893794494615776
1986-12-31,,8.49,,48.45970954905777,28.67475,0.052033992618797,,48.45970954905777,,13.42478488708557,,85.47871008975535,54.423882024416294,16.468569148097185,42.448986537338605,40.591590441160044
1987-01-31,,8.36,,49.56579832857149,30.256,0.2343448713697963,,49.56579832857149,,13.285540200935838,,89.63432161153709,87.52738651997038,32.00215895071939,55.61235182079068,45.66903008604959
1987-02-28,,8.38,,48.80020778183689,30.256,0.0927991063810241,,48.80020778183689,,14.016927318006026,,83.37904025256894,85.30449485054777,20.243736944432243,50.73604984138874,49.599129399839335
1987-03-31,,8.36,,47.888905227062025,30.256,0.2481957138281758,,47.888905227062025,,14.629740964825771,,73.87443444607219,83.34304671424486,33.50513620160831,51.33808958168778,52.56216374795573
1987-04-30,,8.85,,46.93749915363622,31.428000000000004,0.2025886764369441,,46.93749915363622,,19.117653941818194,,61.8198494314097,92.43003480085409,29.03966610018206,50.60180106856601,50.89198016388084
1987-05-31,,9.33,,46.74514921933773,31.428000000000004,0.1339573083167841,,46.74514921933773,,24.33492489426204,,57.72643880672518,89.89795980426753,24.081283371230203,49.01015171912123,50.31668078979167
1987-06-30,,9.32,,48.16025385988084,31.428000000000004,0.2633575487462573,,48.16025385988084,,24.66324288213142,,74.19562065941615,87.65274129238443,36.900188557086885,55.85294834775472,51.82163371181398
1987-07-31,,9.42,,49.59131496537799,30.929,0.1876603563382824,,49.59131496537799,,26.23381166090038,,84.71411208978729,79.43763889029968,30.759306026654038,55.28621716691035,53.38310574459543
1987-08-31,,9.67,,50.11953152512135,30.929,-0.114274403954133,,50.11953152512135,,29.89043914801754,,85.68254187439305,77.48121136461153,13.491628858388113,51.636455311352556,54.25854027533919
1987-09-30,,10.18,,48.29771252021894,30.929,-0.0996255748505356,,48.29771252021894,,37.519445604199156,,67.50168057026812,75.65502125593856,16.498284954559335,49.29360809624129,52.072093524834735
1987-10-31,,10.52,,47.702543562734334,31.9865,0.4182199962188072,,47.702543562734334,,43.05961536985631,,58.2113844630149,86.70416153462264,56.17930435762069,61.03861643127863,53.989559946290825
1987-11-30,,10.01,,48.21744045991254,31.9865,0.3213474456197023,,48.21744045991254,,35.790318052827246,,64.1512261754162,84.81997367425063,46.82709109887033,57.8971522503411,56.076458925953666
1987-12-31,,10.11,,50.20954670063757,31.9865,0.24544639037125,,50.20954670063757,,37.67681139970521,,84.39570245343022,83.25463287836753,40.6632007826314,61.49758687853359,60.14445185338443
1988-01-31,,9.88,,52.96819105922545,33.74825,0.346037813183191,,52.96819105922545,,34.786472302053284,,93.64487935945971,92.7039217068883,51.817213051495806,68.23812160497428,62.54428691128299
1988-02-29,,9.4,,52.42164312433151,33.74825,0.2194758748846267,,52.42164312433151,,28.85282301216926,,88.79494151246773,89.6362840189713,40.89858363696137,62.0456580451424,63.927122176216756
1988-03-31,,9.39,,50.925194488561246,33.74825,0.2060784559970137,,50.925194488561246,,29.30210929704161,,78.17027343537004,86.82485196936923,41.129034397340696,58.856567274780396,63.04678230829902
1988-04-30,,9.67,,49.3732176061788,33.8345,0.1749579014904981,,49.3732176061788,,33.54285775793432,,62.6007210414318,84.85005768747612,38.91368941797094,54.976831476203294,58.62635226537535
1988-05-31,,9.9,,48.86519397820081,33.8345,0.1208080776026341,,48.86519397820081,,37.22288157201763,,55.093524620376435,82.51053851500514,33.420170589166204,52.061778824141356,55.298392525041685
1988-06-30,,9.86,,50.49418330600224,33.8345,0.0512930331307621,,50.49418330600224,,37.08315760244614,,72.30042259316556,80.36987708051058,26.336905218317426,54.02259062360992,53.68706697465152
1988-07-31,,9.96,,52.24890958834214,33.9285,-0.0424135434423131,,52.24890958834214,,39.046447839165566,,84.21427778857206,79.20796273910995,17.312946276964123,54.94540866095292,53.676592702901395
1988-08-31,,10.11,,53.564800224279885,33.9285,0.2544267391578937,,53.564800224279885,,41.849464659257016,,88.28402814079006,77.41452649738943,62.327441970690934,67.46886531703186,58.81228820053156
1988-09-30,,9.82,,50.694612194303865,33.9285,0.1927797273562152,,50.694612194303865,,37.960863739772066,,65.57682076315452,75.76815011078018,53.221161640779336,58.13174906362152,60.182007680535435
1988-10-31,,9.51,,50.08366745552106,33.90475000000001,0.1591274023293503,,50.08366745552106,,33.949733579488765,,57.15557456046147,74.20966425561879,48.03536257214662,53.33758374192891,59.64606604086077
1988-11-30,,9.45,,50.43340200619976,33.90475000000001,0.2418104095644813,,50.43340200619976,,33.66098847620762,,59.898811940485416,73.11687729729928,63.14907655864738,57.456438568159925,56.30859045790345
1988-12-31,,9.57,,52.68591285986909,33.90475000000001,0.0546809140313719,,52.68591285986909,,36.009671902188536,,81.35288700820273,72.37182006752234,29.075190435505903,54.70239235335487,55.16547155448123
1989-01-31,,9.62,,53.2023006792079,37.63075,0.3231018991595767,,53.2023006792079,,37.3257922478572,,82.77103325953902,94.31166885311735,75.12254348063611,72.38275946028742,61.51386346060073
1989-02-28,,9.64,,53.75726608231068,37.63075,0.0248702650429785,,53.75726608231068,,38.177127770947486,,83.82155905908914,91.58266523072992,25.349051208370028,59.73260081728415,62.272584210308814
1989-03-31,,9.8,,53.43653443599327,37.63075,0.1142068585271923,,53.43653443599327,,41.354703586604,,79.65808767528928,89.10260697910502,40.47139978910958,62.64669950752697,64.92068659503285
1989-04-30,,9.79,,50.83802496184746,37.7705,0.1358800743110784,,50.83802496184746,,41.82872403004494,,52.58401943058155,87.06587825359524,44.86519082897596,56.58595313579942,59.65508448687018
1989-05-31,,9.57,,50.57931919362983,37.7705,-0.1106548398506467,,50.57931919362983,,38.72512039010004,,47.236460139628754,84.62168972342376,14.195527433841576,46.19469942174853,55.14245068835831
1989-06-30,,9.1,,51.71051876426452,37.7705,-0.0413695348029201,,51.71051876426452,,31.27539689363685,,60.661778953900914,82.40581728920617,22.892744070437104,49.30893430179526,50.69652895311441
1989-07-31,,8.93,,53.37980340876629,38.01975,-0.0983051830266369,,53.37980340876629,,28.764258180222008,,77.6699276231683,81.97045942243865,19.09351961843867,51.87454121106691,49.1260583115369
1989-08-31,,8.96,,53.870085539497104,38.01975,-0.0661768675264354,,53.870085539497104,,29.64391370552298,,79.81384971449128,80.24709473977455,21.813121504251054,52.87949491600996,51.35432347629071
1989-09-30,,9.01,,52.21964632204342,38.01975,0.1019969491288296,,52.21964632204342,,30.94703624620449,,60.98410640450709,78.7581675514391,43.64679095333849,53.58402528887229,52.77935380531638
1989-10-31,,8.92,,51.437064791692805,37.777,0.0417913514653678,,51.437064791692805,,29.61445754910314,,47.99957507268506,75.25858479678107,35.29437305433467,47.04174761822598,51.168422607702745
1989-11-30,,8.89,,52.39170349261974,37.777,0.1041334598993533,,52.39170349261974,,29.435649320686068,,60.8905305003412,73.77638922560567,47.93760211506387,53.010042790424194,51.211938565840825
1989-12-31,,8.86,,57.4455046494341,37.777,0.0821608709150243,,57.4455046494341,,29.2375095849511,,94.98029989309504,72.43733787147599,44.88890020168242,60.38601188780114,53.479267432150436
1990-01-31,,8.99,,56.27707445356779,41.321,0.2450385519902236,,56.27707445356779,,32.413214181401706,,88.32302556047395,90.8413593440267,76.65109730459247,72.0571740976237,61.81774292528301
1990-02-28,,9.22,,54.27438641334115,41.321,0.0841905308443851,,54.27438641334115,,38.439650151198,,72.60472273586788,88.0889394792637,47.01401012351912,61.53683062246218,64.66000553596234
1990-03-31,,9.37,,53.559999961783774,41.321,-0.0428847906548544,,53.559999961783774,,43.234256709013955,,64.04679876893998,85.59442966319256,24.734629599275053,54.40252868510538,62.66551113506375
1990-04-30,,9.46,,51.81633942852758,41.2925,0.0142974026942245,,51.81633942852758,,47.05565265160857,,41.783226622727355,83.19202071476445,36.08756583908665,52.02961645704676,55.989658588204776
1990-05-31,,9.47,,51.56587401478672,41.2925,0.0759443885476542,,51.56587401478672,,48.52968996438736,,36.43748643365456,81.14145723142697,49.30895253909307,53.85439654214049,53.428847228097545
1990-06-30,,9.26,,53.14164827926347,41.2925,-0.0224243076316809,,53.14164827926347,,41.71801271940338,,56.30030293094978,79.28314067797953,30.288150324213415,51.897401663136534,52.59380488744126
1990-07-31,,9.24,,53.98144980462013,41.06575,-0.0154584132769186,,53.98144980462013,,41.68951521277416,,66.37088095146339,76.20901140985147,31.190765361257135,53.86504323383654,53.20561381303785
1990-08-31,,9.41,,54.28618952163891,41.06575,0.361368473653026,,54.28618952163891,,49.31466875511562,,69.51106208024738,74.7138722794071,90.22166471592557,70.94031695767391,58.90092061821567
1990-09-30,,9.56,,53.52798645347753,41.06575,0.4260643365160756,,53.52798645347753,,57.00866477770641,,58.65960698352832,73.3795854741769,91.25517346226285,70.07575767441863,64.96037262197636
1990-10-31,,9.53,,51.28266052692864,40.0285,0.1250198581044973,,51.28266052692864,,57.31391326390597,,27.019543378990303,62.86385898709225,56.132295004819674,50.83240265870205,63.949492430264876
1990-11-30,,9.3,,51.16392145576621,40.0285,-0.0116109641352686,,51.16392145576621,,47.20654970880652,,24.80466569370196,61.42373743701791,34.27385749773637,41.92720258431569,54.278454305812126
1990-12-31,,9.05,,53.52614317576212,40.0285,-0.1671724225315298,,53.52614317576212,,35.69329662152719,,57.48532473649979,59.972901565988444,16.831823115118418,42.49583650978346,45.08514725093374
1991-01-31,,9.04,,55.41602919915435,43.063500000000005,0.3325433504642891,,55.41602919915435,,35.80477519710956,,79.14006220448819,87.73065885338045,85.25937850413271,71.98371868977772,52.135585927958964
1991-02-28,,8.83,,52.85008873635044,43.063500000000005,-0.2648202890952878,,52.85008873635044,,27.126827439827455,,46.622681692699594,85.26214524953745,12.236893483243309,42.81213696632695,52.43056405529605
1991-03-31,,8.93,,52.08171770453739,43.063500000000005,-0.0258769214967285,,52.08171770453739,,31.497391895882092,,36.663486442862485,83.0306874230925,38.288609471118576,47.37004380823891,54.05529982144787
1991-04-30,,8.86,,50.78611567516511,44.4835,-0.2426448175723916,,50.78611567516511,,28.36104800521283,,21.528376360340136,88.46684193866724,16.716330153591873,38.768149114453024,42.98344329633964
1991-05-31,,8.86,,52.01435272089225,44.4835,-0.4314858677262315,,52.01435272089225,,28.625941334758444,,34.480140942653335,86.0296902671105,9.007002341684535,39.53569372155171,41.891295548081224
1991-06-30,,9.01,,53.57317746574378,44.4835,-0.3175747477171423,,53.57317746574378,,35.46664783788677,,56.239565398638725,83.84372166426898,17.061290308593986,48.152806302347116,42.15221637945063
1991-07-31,,9.0,,54.95997559821377,43.76875,-0.315026891469605,,54.95997559821377,,34.85835901994022,,73.69265299646293,77.15741167323586,18.855136100869995,51.140889947627244,46.27646332384203
1991-08-31,,8.75,,54.58869251816827,43.76875,-0.3605884674838256,,54.58869251816827,,24.150062148474564,,68.63429182394803,75.54582030165761,17.8290507344606,46.5398062521352,48.611167500703196
1991-09-30,,8.61,,53.195480731411,43.76875,-0.1654312227636476,,53.195480731411,,19.641254562834646,,48.485807201505004,74.07839728549857,34.78872510906516,44.24854603972584,47.30974741316277
1991-10-31,,8.55,,52.08963574969414,43.512,-0.3827345440772314,,52.08963574969414,,18.217228850520826,,32.211644061108274,70.39753069424253,19.38406128470465,35.052616222644076,41.946989504835045
1991-11-30,,8.48,,53.194511049271455,43.512,-0.420362724755274,,53.194511049271455,,16.51318670028104,,47.518299702385406,69.37872673690548,19.296542889925085,38.17668900737425,39.159283756581395
1991-12-31,,8.31,,54.39017207641638,43.512,-0.2928615394168177,,54.39017207641638,,12.632686501070122,,69.32741912353615,68.7412822470174,29.851458571236154,45.138211610714954,39.45583894691111
1992-01-31,,8.2,,52.88539114001736,46.315,-0.5524016389483002,,52.88539114001736,,10.681026302864986,,45.97342902074658,90.23056964730641,15.5831077995728,40.61703319262269,41.310644603570644
1992-02-29,,8.29,,52.54799503176268,46.315,-0.418148780122115,,52.54799503176268,,12.633030415489305,,40.67165897282285,87.39239181297872,25.308080293484387,41.50129037369381,42.4188450590105
1992-03-31,,8.35,,51.74473681098333,46.315,-0.4801714333034481,,51.74473681098333,,13.997356315562204,,27.954712327603826,84.80979036616804,23.012623377076043,37.44362059660253,39.853981387639685
1992-04-30,,8.33,,51.53373199873846,45.146,-0.5238004673061787,,51.53373199873846,,14.224939307193349,,25.092433993894442,73.7530748334997,22.298698961959733,33.84228677413681,37.595732581477726
1992-05-31,,8.28,,50.98531667206863,45.146,-0.4797817064533078,,50.98531667206863,,14.114762110297574,,18.7342990518546,72.12181299647321,26.795270583463036,32.9415361855221,34.74248118542049
1992-06-30,,8.22,,52.013606998752216,45.146,-0.2696621811173458,,52.013606998752216,,13.847143158288908,,34.516662177086,70.55988269271923,44.20891414551796,40.78315054340302,35.855657834353984
1992-07-31,,8.07,,54.90257653113618,45.2615,-0.4418699208939032,,54.90257653113618,,12.051491153669572,,81.2564636859007,70.22614134600494,31.519338303004886,48.76335862214502,40.82934845035672
1992-08-31,,7.95,,54.60947290527352,45.2615,-0.4510787160845693,,54.60947290527352,,11.145650281579515,,77.35235259670206,68.74292633723486,31.943892075042474,47.29620532263973,45.614238162729265
1992-09-30,,7.92,,53.44203420903798,45.2615,-0.418963428173724,,53.44203420903798,,11.534172750660348,,59.557810207134565,67.29928246363428,35.55959853304311,43.48771598861808,46.51575997780095
1992-10-31,,7.99,,52.445091009106655,44.91125,-0.214991213312586,,52.445091009106655,,13.242254149761306,,40.59583920810446,61.48176726862877,61.17291678236369,44.12319435221456,44.9690385544908
1992-11-30,,8.1,,52.56348153900288,44.91125,-0.2140705275762444,,52.56348153900288,,16.3061161171388,,41.352143170388636,59.99829872807444,62.84777682108428,45.12608370917154,44.24566468333473
1992-12-31,,7.98,,54.94576102068434,44.91125,-0.2632053320444809,,54.94576102068434,,14.490694995809882,,80.0842913563013,58.56308287024293,57.199292936974366,52.58434053983213,47.27787286707275
1993-01-31,,7.91,,55.5606809702896,46.59875,-0.3234238420207024,,55.5606809702896,,13.995188280811377,,86.16218909186021,85.8235497728008,54.22661114012131,60.051884571398425,52.58743627346737
1993-02-28,,7.71,,54.9814569372175,46.59875,-0.2070892964797791,,54.9814569372175,,11.593537719605232,,78.34987755796179,83.87105605513476,74.30796326398001,62.030608649170446,58.22227792013368
1993-03-31,,7.58,,53.855511739898255,46.59875,-0.2178160597746403,,53.855511739898255,,10.781596172948623,,60.80630160359757,82.1948949347212,76.61818072806497,57.60024335983309,59.89424552680066
1993-04-30,,7.46,,51.173156792441695,47.112,-0.3446292033685597,,51.173156792441695,,10.229641342048208,,17.9056987100049,85.59744379271062,52.25045828113355,41.49581053147432,53.70888751349262
1993-05-31,,7.43,,49.15176969113387,47.112,-0.266774761510935,,49.15176969113387,,10.803278243896676,,7.524807717613948,83.14230218702787,67.685782811181,42.289042739929876,47.128365543745765
1993-06-30,,7.33,,50.98515140199388,47.112,-0.3396644368644972,,50.98515140199388,,10.470165024132497,,22.383761678675025,80.89592207866505,52.02786111546934,41.44442747423548,41.7430935818799
1993-07-31,,7.17,,53.302605054414414,48.1655,-0.550773212635259,,53.302605054414414,,9.477765057951256,,55.31880177523961,88.22471721377538,16.062944588018997,42.27105715874631,42.0015091243039
1993-08-31,,6.85,,53.54962698138675,48.1655,-0.6041244520539649,,53.54962698138675,,7.217678160206701,,59.95923922167632,85.86314802722073,13.47874868606441,41.629703523792045,41.78172938559129
1993-09-30,,6.66,,51.51643978674235,48.1655,-0.5428055436311232,,51.51643978674235,,6.765594097692674,,30.16430552313123,83.75689996025784,21.741514820013702,35.607078600273866,39.835946427604085
1993-10-31,,6.67,,49.75184297561236,48.07875,-0.6280658043018326,,49.75184297561236,,8.021943532163018,,14.66486457607344,81.28260808447187,14.795557207032894,29.691243349935302,35.642675158000415
1993-11-30,,6.93,,50.506561743705625,48.07875,-0.5627952293429171,,50.506561743705625,,11.833501484101273,,22.940326859000997,79.971822809435,23.520802367884947,34.56661338010556,33.288311776771586
1993-12-31,,6.93,,52.81960593784203,48.07875,-0.5700005241565527,,52.81960593784203,,12.83342790011992,,53.56314813880873,79.04835922085508,24.423188882652212,42.46703103560898,35.57496258854996
1994-01-31,,6.92,,55.72479065409442,49.40375,-0.4118633402556883,,55.72479065409442,,13.649783547997338,,83.89986107666797,88.7710640681384,48.93989408638985,58.81515069479839,45.28293170350432
1994-02-28,,7.08,,54.86291831142102,49.40375,-0.2302465727360454,,54.86291831142102,,16.844933295136254,,74.98793131883338,86.0630248813132,76.65544688825415,63.637834095884244,54.97333860876389
1994-03-31,,7.48,,53.691570291929,49.40375,-0.2511560071513209,,53.691570291929,,24.994554334049834,,60.73410688912604,83.59786137350602,72.31636572877224,60.410722081363524,60.95456895734873
1994-04-30,,7.88,,52.39044042811367,49.368,-0.0759183306820911,,52.39044042811367,,35.35823147298387,,43.14247946256689,81.13604602046867,87.14653609398009,61.69582326249987,61.914793146582554
1994-05-31,,7.99,,53.96273675449954,49.368,-0.2148380382688712,,53.96273675449954,,39.00702993733429,,62.47122584707282,79.1702482389506,71.71418200032093,63.09067150591965,61.732405616594356
1994-06-30,,7.97,,57.50932549276353,49.368,-0.303414981494539,,57.50932549276353,,38.915985290268324,,89.01808787657909,77.36475491087734,59.13170712727454,66.10763380124982,63.631376189889785
1994-07-31,,8.11,,58.80630918999279,48.8195,-0.4456867897774448,,58.80630918999279,,43.44522221731957,,91.17238634315783,69.44838068767068,36.55058822371823,60.15414436796657,63.11748322504536
1994-08-31,,8.07,,58.21519400661179,48.8195,-0.3574605983742067,,58.21519400661179,,42.65386248344177,,86.52885834150568,67.9953457012132,49.86887536644343,61.76173547315101,62.67450454745582
1994-09-30,,8.34,,57.87479968073109,48.8195,-0.3163838660734043,,57.87479968073109,,51.28933548772019,,82.58397964928031,66.57808357976963,55.864640462587964,64.07900979483954,61.99829654531905
1994-10-31,,8.57,,57.70488875131841,50.39,-0.2944864027637013,,57.70488875131841,,58.568524238699815,,79.52443492274996,83.9307680083035,60.03044210330961,70.51354231826572,65.45142919541877
1994-11-30,,8.68,,60.11013299462524,50.39,-0.1631982409900199,,60.11013299462524,,61.99096610377435,,87.43406989421968,83.04471560674698,77.64386584489033,77.52840436240783,70.7069854918377
1994-12-31,,8.46,,62.965910469330574,50.39,-0.1805834464156919,,62.965910469330574,,55.553149292525596,,91.63853732227348,82.90876821246454,74.78775657444451,76.22205285042703,74.75466651036687
1995-01-31,,8.46,,64.6441854316728,52.094750000000005,-0.0962154483175108,,64.6441854316728,,55.864006119637246,,91.58205204812563,92.52446802271857,81.57554705829527,80.38651831219418,78.04565850834302
1995-02-28,,8.26,,62.98823223576801,52.094750000000005,-0.3412065310974526,,62.98823223576801,,50.074698426665975,,85.27997111796728,90.0281262863446,50.779813352174195,69.04065229578802,75.21640781946975
1995-03-31,,8.12,,62.33136723060397,52.094750000000005,-0.4797215867323322,,62.33136723060397,,46.20067189680934,,81.05718411640935,87.82464232102222,31.90101911415113,61.74587936209801,70.39101665669341
1995-04-30,,8.03,,60.93954594869718,52.57175000000001,-0.498963554535121,,60.93954594869718,,43.93557923910338,,74.20284244532544,88.3613288431834,30.476990720729713,59.24418531208549,63.34357232332385
1995-05-31,,7.65,,60.17203250053296,52.57175000000001,-0.5104717519154041,,60.17203250053296,,32.64967504709635,,69.43842610279908,86.11804693711659,30.43904567098802,54.661298439500015,58.55045437122785
1995-06-30,,7.3,,62.453824324707305,52.57175000000001,-0.4244320061980549,,62.453824324707305,,23.801691640302366,,77.42383835735164,84.15040436061273,42.92866493896783,57.07614982430864,56.993877858631386
1995-07-31,,7.41,,64.89985184073298,52.19875,-0.3330708666442739,,64.89985184073298,,27.246124003929438,,83.25801150756602,78.84542686271459,55.416339341848854,61.19147542901472,57.64297456427446
1995-08-31,,7.57,,65.78541673675566,52.19875,-0.3902010091383537,,65.78541673675566,,32.40140258372417,,83.35098102264003,77.00116871217088,44.990445106903834,59.43599935635973,59.23454153656104
1995-09-30,,7.32,,62.44184733653202,52.19875,-0.5375681208739241,,62.44184733653202,,25.590525099206996,,69.94041408294773,75.28760647634073,23.806244042375855,48.65619742521783,56.42789073686411
1995-10-31,,7.12,,61.26865390277039,52.7855,-0.3652213443801526,,61.26865390277039,,20.83144359089609,,63.00545923868872,79.48881927074908,47.002374545396535,52.58202416143261,53.558073647670064
1995-11-30,,7.02,,63.64305883394784,52.7855,-0.4295820720456118,,63.64305883394784,,19.012353095670687,,73.56883726780869,77.852769591064,34.54147681203395,51.243859191644326,50.8273602594316
1995-12-31,,6.82,,65.12810904232734,52.7855,-0.4389626429237882,,65.12810904232734,,15.527424845105555,,78.5590082467167,76.41158500219754,31.23121413953956,50.432308058389836,51.41939713715559
1996-01-31,,6.81,,64.73741488740428,57.44275,-0.3571591366774824,,64.73741488740428,,16.061480794473162,,75.08396714217945,95.53288799061711,45.65602379192724,58.08358992979923,53.25325239327781
1996-02-29,,6.99,,63.499410814943694,57.44275,-0.4077971943126302,,63.499410814943694,,20.812024341868256,,67.3019420786863,92.42297123737669,37.36857746790758,54.47637878145971,54.33075892321627
1996-03-31,,7.35,,62.62205871427504,57.44275,-0.1833005117003307,,62.62205871427504,,31.818974507816154,,60.49765601130213,89.49454629155827,76.90254536101858,64.67843054292379,59.07946641806092
1996-04-30,,7.5,,61.72478775439197,57.76775,-0.284672763800348,,61.72478775439197,,37.64866615186524,,51.74221195691916,87.8694876089145,63.146168025278214,60.10163343574427,59.75214758670926
1996-05-31,,7.62,,62.25499637501376,57.76775,-0.3803452771065426,,62.25499637501376,,42.828140369111026,,53.915745020411265,85.3658194761939,44.48753740519627,56.64931056772811,60.47645818213206
1996-06-30,,7.71,,59.45802496643399,57.76775,-0.2170552668491035,,59.45802496643399,,47.20089181524138,,25.99003779463025,83.09929460537597,75.83617655321417,58.03160019211545,58.26084806519595
1996-07-31,,7.65,,58.511078461942446,57.2755,-0.1432730384863451,,58.511078461942446,,45.47661424201984,,19.32201445385486,78.87659280585534,83.05648428939867,56.682926447782165,57.12127906920858
1996-08-31,,7.46,,59.03254062982319,57.2755,-0.1602867107220472,,59.03254062982319,,38.09109503161623,,22.240746512193745,77.27927782871606,79.06127919942907,54.16809964298878,56.29420876096214
1996-09-30,,7.66,,57.1763315855565,57.2755,-0.1766373724845638,,57.1763315855565,,47.4049198999902,,12.09704890232547,75.87352177631863,75.44403880783318,52.70488234661686,54.51863614579594
1996-10-31,,7.39,,56.86769491482347,57.083,-0.2383208189630773,,56.86769491482347,,36.140882676995155,,11.521993268786925,73.0062244802391,65.30004913801555,46.49228739100918,51.12175646020495
1996-11-30,,7.1,,59.99341029127532,57.083,-0.1228613168839675,,59.99341029127532,,25.503728663901903,,31.652983588080936,71.51316867493473,81.18266314255604,52.4631360173684,50.553435251664816
1996-12-31,,7.2,,61.72797349777332,57.083,-0.0583379772251589,,61.72797349777332,,29.81814628796101,,48.803251602497724,70.10952498234828,85.81526958895803,58.63654811544126,52.53065717460629
1997-01-31,,7.42,,64.57405648780403,66.62275,-0.0023868083269546,,64.57405648780403,,39.60199665058809,,75.2181562795246,96.22084122661182,88.67709258572496,74.92952168561237,62.009735272807355
1997-02-28,,7.31,,62.843899900356064,66.62275,0.1700802480205709,,62.843899900356064,,35.31908790602342,,60.10424341511496,93.12055508700433,92.87339113947596,70.35431938690468,67.97346306265278
1997-03-31,,7.55,,61.52276482007889,66.62275,0.0908612480991736,,61.52276482007889,,46.91527289946829,,47.14711052973909,90.16089651952115,86.70686987074299,67.73253745486788,71.00545950912833
1997-04-30,,7.73,,60.82564546398897,68.221,0.1039154892500469,,60.82564546398897,,56.19808804222638,,40.22960731718048,89.93342129667944,85.09791976798203,67.86475910601709,68.65053864926323
1997-05-31,,7.58,,61.149898194387525,68.221,0.1444920621320297,,61.149898194387525,,49.398959523913085,,42.97546743107497,87.20966697736569,85.23532199029353,66.20485398066182,67.26738351384894
1997-06-30,,7.41,,62.7520105155873,68.221,0.2221220920321069,,62.7520105155873,,41.53338776864544,,59.11650455910237,84.73879204671957,86.75136290271233,68.03501181929492,67.36820830199129
1997-07-31,,7.14,,63.80002861954008,67.59075,0.2669373400956147,,63.80002861954008,,29.726367208273473,,69.71762551393829,81.1209851188503,86.20614698528796,66.6927812065875,66.97754900218142
1997-08-31,,7.22,,62.196698494517534,67.59075,0.2494547896346211,,62.196698494517534,,33.763107073992224,,56.00403406488488,79.21186490601349,82.95246413937116,62.98286754606544,65.90355352398262
1997-09-30,,7.15,,60.36045263299607,67.59075,0.3018899635745247,,60.36045263299607,,31.21884072679623,,36.86583734309843,77.47131055710145,83.9383257795004,57.373578601624125,62.3497424514257
1997-10-31,,7.0,,59.69852003332837,67.54275,0.4505800688847478,,59.69852003332837,,25.747442868010424,,31.170174724563736,75.67622780496404,87.87124773560028,55.11627328328462,58.490906476991405
1997-11-30,,6.87,,59.47027903886767,67.54275,0.8300809039578146,,59.47027903886767,,21.778143444107346,,30.575688944372125,74.1675743398126,93.9634498160673,55.12121413608985,55.87035534033287
1997-12-31,,6.76,,59.92730515345186,67.54275,0.5123200914275622,,59.92730515345186,,19.06820400267358,,36.45008477176033,72.80192115901994,82.66365701448773,52.74596673698539,54.32781805211996
1998-01-31,,6.61,,59.68310555697124,75.8845,0.5250458874596959,,59.68310555697124,,15.813313056312317,,35.25222312787528,90.08623671217903,81.18224484179213,55.58350443453969,54.48356176920498
1998-02-28,,6.67,,58.53928491088143,75.8845,0.42390887252615,,58.53928491088143,,18.339478049851614,,25.201658180757036,87.36694790499138,74.2827127104056,51.2976992115014,53.20905679434217
1998-03-31,,6.72,,59.35922065912513,75.8845,0.267036940581435,,59.35922065912513,,20.616184550143917,,35.11749423660452,84.9017126465661,62.19300346680476,50.70709872502982,52.529434123690315
1998-04-30,,6.69,,58.63921468827089,75.59,0.3679027397181336,,58.63921468827089,,20.443023726169983,,28.777445895903085,82.09031474831527,68.14883685385283,49.86490530606028,50.62323441419718
1998-05-31,,6.69,,58.65502096087244,75.59,0.2819766029723547,,58.65502096087244,,21.1545623175547,,30.45661891435677,80.06995482546131,59.999905943357845,47.92026050018266,49.49742151042426
1998-06-30,,6.53,,59.72992230784343,75.59,0.2995014578351651,,59.72992230784343,,17.4585542131131,,42.88682366083547,78.22251202746348,60.06657097626304,49.65861521941877,49.147927008553914
1998-07-31,,6.55,,61.47744933117716,76.49975,0.2936564009551274,,61.47744933117716,,18.65888495180426,,63.32212318724696,78.69518685818912,58.139084783037845,54.70381994506955,50.76089855489033
1998-08-31,,6.52,,61.07186343752559,76.49975,0.8950656592305188,,61.07186343752559,,18.276816670421052,,57.35518146298097,77.14396763034956,90.95902936354354,60.93374878182378,55.09872798210404
1998-09-30,,6.4,,60.54977312476715,76.49975,1.2685254959053471,,60.54977312476715,,15.687167126492627,,48.70689731030329,75.79577162909003,94.67170458015548,58.715385161510355,58.11765129613457
1998-10-31,,6.37,,59.306319487755765,75.86449999999999,1.0162011588435809,,59.306319487755765,,15.405450587906374,,29.24221612024137,72.80795794084848,87.14018841804405,51.14895326676007,56.93269573669807
1998-11-30,,6.41,,59.048062068389775,75.86449999999999,0.5530994585462691,,59.048062068389775,,16.91623785709719,,26.90065329195163,72.09724427091206,61.950436985957026,44.466143101479474,51.443493843249975
1998-12-31,,6.22,,60.05810530393314,75.86449999999999,0.4568039906810708,,60.05810530393314,,13.66308923731991,,41.33343003531205,72.13495461953767,53.26560364947315,45.099269385410686,46.90478858455009
1999-01-31,,6.24,,62.116616420436095,90.31625,0.7030089379596189,,62.116616420436095,,14.786987734510307,,74.78395523814606,95.77737912510541,70.09117693376312,63.85987475788122,51.14176241492381
1999-02-28,,6.4,,59.94570565157591,90.31625,0.7254131429684288,,59.94570565157591,,18.976257053545297,,41.60578328994185,92.72026584489373,70.08473707179014,55.84676081504275,54.93530165277823
1999-03-31,,6.62,,60.075892322418525,90.31625,0.3961884186071522,,60.075892322418525,,25.5052040921689,,44.934986762714075,89.83331026243518,42.728816351685026,50.7505793672508,56.81907164672493
1999-04-30,,6.64,,59.41275844903922,89.27575,0.2977719280014366,,59.41275844903922,,26.76703937464317,,34.41981831111113,85.80328083014116,33.66598300312435,45.164030379754955,50.587123520682844
1999-05-31,,6.93,,59.45150975438919,89.27575,0.4702568752326843,,59.45150975438919,,37.02778987312987,,36.23039068667578,83.41741048138323,46.996073207832964,50.917916062255465,48.94417526975375
1999-06-30,,7.23,,60.409095841487,89.27575,0.4060438171282252,,60.409095841487,,48.98740701703753,,55.659025873417214,81.24317753342464,40.33211315852316,56.55543089560063,50.8791257792037
1999-07-31,,7.19,,64.27890725582515,89.813,0.3054791652338876,,64.27890725582515,,47.97643884719866,,95.85645407117812,80.21334531513747,31.47890094389629,63.88128479435264,57.118210584069594
1999-08-31,,7.4,,63.94358931385057,89.813,0.3477102590053422,,63.94358931385057,,56.960401353065585,,92.6146715058852,78.37698506548263,34.45941789328297,65.6028689544291,62.0131948814608
1999-09-30,,7.39,,63.101042356191606,89.813,0.423109410709167,,63.101042356191606,,57.4006940312656,,85.13647462894438,76.70196800204363,40.62527025838518,64.96610173015969,64.81675182631382
1999-10-31,,7.55,,62.01493923624705,90.51125,0.2560396143623425,,62.01493923624705,,65.10178296917572,,72.74237412984064,76.63483615087094,27.43769133004389,60.47917114498279,63.68271394319053
1999-11-30,,7.36,,62.071265071753885,90.51125,0.3842335201400169,,62.071265071753885,,58.620380616764066,,71.86466122047123,75.2583056962747,39.403010000331406,61.286589383460345,62.24395408620095
1999-12-31,,7.55,,64.62049938098396,90.51125,0.3693002073126125,,64.62049938098396,,68.32106419571136,,89.3302469803147,74.10528451924796,38.62503068750549,67.59540659569488,63.12038904137935
2000-01-31,1394.4599609375,7.78,,67.04121036156222,99.4305,0.6095939907648955,,67.04121036156222,,78.58634187836884,,93.71692022966359,88.05584537978255,61.10894245888948,80.3670124866761,69.74966948861045
2000-02-29,1366.4200439453125,7.68,,65.68362690830587,99.4305,0.5307454587823844,,65.68362690830587,,76.03935086570412,,86.44114510255122,85.52322415039455,53.265935478623646,75.31741389931838,74.42661099389646
2000-03-31,1498.5799560546875,7.68,,63.77692394558045,99.4305,0.3914946076446992,,63.77692394558045,,76.888718530559,,72.25105454087965,83.22899813716079,39.345521857567356,67.9285732665417,74.53766655084542
2000-04-30,1452.4300537109375,7.64,,62.97896040244128,101.565,0.6324217864270332,,62.97896040244128,,76.04038291027092,,63.58282220381161,84.17440266012261,61.488149339616335,71.32143927845537,71.52247548143849
2000-05-31,1420.5999755859375,7.99,,64.81214946439648,101.565,0.7834938502919733,,64.81214946439648,,86.85716685469279,,77.74451144173628,82.10853548406976,72.6149411420959,79.83128873064868,73.02710042521527
2000-06-30,1454.5999755859375,7.67,,65.40409478292108,101.565,0.4280958929900301,,65.40409478292108,,76.13418545344618,,79.81822468059046,80.25450426465922,39.14447406305301,68.83784711543721,73.33019170818044
2000-07-31,1430.8299560546875,7.65,,66.15952367653072,99.80425,0.3047725888919902,,66.15952367653072,,75.01980650022004,,82.20155860326126,75.31077803658886,28.211002293941593,65.18578635850294,71.28497406819629
2000-08-31,1517.6800537109375,7.55,,67.50902695041064,99.80425,0.1104032707813785,,67.50902695041064,,70.79302158717984,,86.12518791158352,73.85330386486423,17.375190112696046,62.03667586908091,65.3534364476737
2000-09-30,1436.510009765625,7.62,,66.95456742807546,99.80425,0.2303017075225708,,66.95456742807546,,73.45305844602362,,81.18752553734055,72.55008726170547,23.960814802996413,62.7878715120165,63.33677791320013
2000-10-31,1429.4000244140625,7.55,,65.22613424449712,100.88975,0.5225682995604707,,65.22613424449712,,69.99880983685459,,68.27117908128216,74.2101231678378,61.76650533752244,68.56165435587425,64.46206724565724
2000-11-30,1314.949951171875,7.45,,65.85937226718342,100.88975,0.8979867410096007,,65.85937226718342,,64.96693749972859,,71.70739112786787,73.70393301866933,91.16787209647273,75.38653343568464,68.91201976785847
2000-12-31,1320.280029296875,7.21,,68.99370027011538,100.88975,0.619895455257423,,68.99370027011538,,52.369689924788474,,87.01841919376032,74.2188605022244,69.24738664452815,70.71358906632534,71.55392561929476
2001-01-31,1366.010009765625,7.15,,69.34404898314206,100.29275,0.4328508760354579,,69.34404898314206,,48.866588899697035,,85.71172923137865,70.48525050472801,47.25217940951436,63.07893701132951,69.72635317111317
2001-02-28,1239.93994140625,7.1,,66.92880635815594,100.29275,0.264316139050738,,66.92880635815594,,46.09411686809178,,70.87073593126935,68.9846521673378,27.940368022682737,53.47246824734542,62.4216647750001
2001-03-31,1160.3299560546875,6.98,,65.97181797910663,100.29275,0.5515387069433695,,65.97181797910663,8.645184826905865,40.11628806694179,,61.951976410949115,67.52307321297708,64.9251106645735,48.63232663646948,55.06124396504814
2001-04-30,1249.4599609375,7.2,,63.87126508787109,102.36425,0.5078840674435028,,63.87126508787109,21.39099544573633,52.05377922881568,,40.1259067080745,73.92343655667891,58.15631492291825,49.13008657244473,50.41162715208656
2001-05-31,1255.8199462890625,7.29,,63.84997581507161,102.36425,0.2036392110250555,,63.84997581507161,24.071498457934887,57.20221149521558,,36.71411773254473,72.44421002360471,21.985303401460566,42.4834682221521,46.748627143688786
2001-06-30,1224.3800048828125,7.18,,64.63014463971173,102.36425,0.0298691573776982,,64.63014463971173,20.72994607889176,51.78495179036848,,42.59624463532956,71.07896719432141,12.634190423329066,39.764860024448055,43.792804939681645
2001-07-31,1211.22998046875,7.13,,64.82117788126678,101.07825,0.1963644669485737,,64.82117788126678,20.543788444706014,49.50948677043318,,44.70782295153411,63.80290824234622,25.53146267229835,40.81909381626358,41.0224740209546
2001-08-31,1133.5799560546875,7.02,,65.31944695700736,101.07825,0.031182825967017,,65.31944695700736,13.773038375792607,43.81602900949345,,50.393509683225304,62.36303973297771,15.595454171447571,37.18821419458733,39.25738934509967
2001-09-30,1040.93994140625,7.17,,62.91898472179537,101.07825,1.1185488455746937,,62.91898472179537,9.777975297107073,52.63055471781984,,22.643860737946806,60.89114943198945,92.9906760462974,47.78684324623212,41.93138375236102
2001-10-31,1059.780029296875,7.03,,61.49293148057085,101.70175,0.9303501949548094,,61.49293148057085,13.586922411140382,45.07478959423186,,12.811137311883098,63.904928686462014,84.16051626306009,43.90765885335549,42.960905431391666
2001-11-30,1139.449951171875,6.97,,61.58734437567227,101.70175,0.3881567607195955,,61.58734437567227,23.03008877276097,41.86702279568371,,13.875243961825143,63.47585032772739,43.4649277610529,37.142626723810025,42.94570960779922
2001-12-31,1148.0799560546875,6.77,,63.31560371886397,101.70175,0.2795155024755094,,63.31560371886397,25.132562212848132,31.850115706073556,,28.5247717934391,70.04279205253512,34.691797822767356,38.04840791753265,39.69956449823274
2002-01-31,1130.199951171875,6.55,,65.66602689046846,99.6915,0.3092961294896171,,65.66602689046846,23.88751471245907,22.922235919954215,,56.682779882853374,21.60053986227464,38.14381159102762,32.647376393713785,35.9461370116855
2002-02-28,1106.72998046875,6.51,,64.8614984208316,99.6915,0.0811974329863315,,64.8614984208316,22.181172473254467,22.144108036370817,,47.09427902096377,21.018166679931927,23.356431826649356,27.158831607434067,32.61820530622685
2002-03-31,1147.3900146484375,6.81,,65.29579524655041,99.6915,-0.0060852690212383,,65.29579524655041,28.091379514281794,36.07141156036478,,51.75150430129584,20.416348539902984,20.269111753967724,31.319951133962626,30.375386378370177
2002-04-30,1076.9200439453125,6.76,,64.62815664846232,97.78675,0.0071694414354337,,64.62815664846232,20.550023636131254,34.134713290919514,,42.30548964865227,6.208393568256995,22.91801277569133,25.223326583930277,27.90070310844234
2002-05-31,1067.1400146484375,6.75,,64.50536169552043,97.78675,0.0920058994954288,,64.50536169552043,20.631524735740644,34.20203796301758,,40.93612515464925,9.307559499999684,29.610870442827963,26.937623559247022,27.826967092379988
2002-06-30,989.8200073242188,6.63,,66.20617977456355,97.78675,0.2714951791253597,,66.20617977456355,15.02381942352271,28.969984503310787,,62.114853558877584,12.167143397433373,43.67033119641305,32.3892264159115,28.183392186362948
2002-07-31,911.6199951171876,6.53,,67.4658865277462,98.3515,0.6836513224214141,,67.4658865277462,11.538667466512806,25.158024415548308,,74.8455712390861,19.050000187574817,73.55782344836521,40.830017351417446,33.38562244219201
2002-08-31,916.0700073242188,6.37,,66.2199546567112,98.3515,0.6974035396205113,,66.2199546567112,13.451598378931129,19.833105549710236,,62.27839570238177,20.589452246130364,72.74739895706912,37.77999016684453,36.99974464472451
2002-09-30,815.280029296875,6.15,,65.12831622842616,98.3515,0.8946335438217069,,65.12831622842616,9.879030068796526,14.224410205490855,,49.43791666373122,22.02966027429263,81.08432152397211,35.33106774725667,37.98035842183956
2002-10-31,885.760009765625,6.32,,64.70093003086912,97.519,0.5717685039620778,,64.70093003086912,15.200351647077802,20.05780985348654,,44.152342172387975,16.514533597289844,61.406034102744634,31.466214274597355,34.8590907295662
2002-11-30,936.3099975585938,6.31,,65.59921082494826,97.519,0.4148760376300233,,65.59921082494826,19.907781906442807,20.386134167475966,,56.01896124551293,18.78270298083573,51.283190941304234,33.275754248314335,33.357678756722805
2002-12-31,879.8200073242188,6.21,,67.50546762741317,97.519,0.4681222719630196,,67.50546762741317,16.850561034056067,17.90471099706345,,79.47024428647188,20.870154959520022,56.0746131412029,38.234056883662866,34.32534180219154
2003-01-31,855.7000122070312,6.17,,70.2806132970464,99.794,0.4466629453502078,,70.2806132970464,16.395616624352606,17.327970129689476,,93.82239074040747,49.520994886269534,54.31417836327067,46.27623014879795,39.262013760258405
2003-02-28,841.1500244140625,5.95,,69.83429854265025,99.794,0.5206420584165906,,69.83429854265025,16.57102913383104,12.763212334719091,,89.91904083202222,49.818396671274925,59.328602793441874,45.68005635305783,43.396781128506234
2003-03-31,848.1799926757812,5.89,,67.54637864764179,99.794,0.6488626165915415,,67.54637864764179,18.03834089278964,12.47503535087233,,73.96739963157057,50.116791501838485,68.39560392632275,44.59863426067876,45.51830692084486
2003-04-30,916.9199829101562,5.74,,66.03022951373772,100.22125,0.3529115518165533,,66.03022951373772,23.938154637280405,10.732396753775788,,57.428575265400426,57.86443046551797,46.1232324729482,39.21735791898456,43.16534951090707
2003-05-31,963.5900268554688,5.22,,66.53797313586989,100.22125,0.0984589955948137,,66.53797313586989,28.554641864381836,5.6782226413567045,,61.968343630410416,59.721106200910725,27.955207443742903,36.77550435616052,40.19716551194129
2003-06-30,974.5,4.97,,67.26062381165502,100.22125,0.000456834626931,,67.26062381165502,29.979251430438314,4.976836553869385,,68.35495230393398,61.87905404626156,22.31322208153744,37.500663283208134,37.831175186117754
2003-07-31,990.3099975585938,5.49,,70.9178629612793,101.025,-0.0539531292403016,,70.9178629612793,31.86625418041039,11.555601259224076,,89.23462356814278,73.91100823497592,20.739877592927048,45.46147296713604,39.912546868834916
2003-08-31,1008.010009765625,5.88,,71.67785915439815,101.025,-0.0594125834877448,,71.67785915439815,33.95165033093065,19.65650883393164,,88.92929377292094,73.97463242987288,20.97211942662594,47.49684095885642,43.48632573640021
2003-09-30,995.969970703125,5.72,,69.87715883350896,101.025,-0.0132629222582059,,69.87715883350896,32.94996962572554,16.820615065862537,,78.43820274270966,74.03847984312587,24.04179667101549,45.257812789687826,46.07204223856011
2003-10-31,1050.7099609375,5.7,,70.80970655125668,99.83675,-0.1617998075429376,,70.80970655125668,39.08775289752438,17.052407234037773,,82.28649816374605,57.305395088206936,17.49289088046036,42.6449888527951,45.13321420044647
2003-11-30,1058.199951171875,5.65,,72.10456818213399,99.83675,-0.114906617198578,,72.10456818213399,40.06888451279195,16.75352550044591,,86.85807662230839,59.24203416313818,21.89713627480354,44.9639314146976,44.28891101906019
2003-12-31,1111.9200439453125,5.62,,75.8056849536229,99.83675,-0.1197949056762994,,75.8056849536229,46.49948900740963,16.747146388815082,,93.7206074939045,61.5176069421547,23.285325251057497,48.354035016668284,45.32098509472035
2004-01-31,1131.1300048828125,5.54,,79.84171310998039,104.17275,0.1449271424786563,,79.84171310998039,48.8623034381288,15.90909321741442,,95.27057079803248,95.3878402479246,42.08733693757451,59.50342892781497,50.94046511972697
2004-02-29,1144.93994140625,5.5,,81.14728128514412,104.17275,-0.061519243891777,,81.14728128514412,50.56859864263449,15.955516148377754,,93.46484231348776,92.22790793721693,27.918448317880756,56.02706267191953,54.628175538800946
2004-03-31,1126.2099609375,5.33,,80.48384204213794,104.17275,0.0296845024874481,,80.48384204213794,48.24038327758527,14.115043667651067,,89.52990916095952,89.25287845200268,33.912003807882215,55.01004367321616,56.84684509098357
2004-04-30,1107.300048828125,5.73,,80.00972923511758,105.753,-0.1167647357095374,,80.00972923511758,45.89666996092993,22.198172320947375,,86.01565414266868,91.67475278811062,25.006808136677925,54.15841146986691,55.06517260500089
2004-05-31,1120.6800537109375,6.04,,79.30018907829016,105.753,-0.1325241899017319,,79.30018907829016,47.621134034036636,30.2145364733232,,82.12276590602026,88.83648877281888,25.11479678299853,54.781944393839495,54.65013317897421
2004-06-30,1140.8399658203125,6.01,,79.68288537029709,105.753,-0.1604915333047847,,79.68288537029709,50.217759231289975,30.00032020406436,,80.91056449371052,86.25631398009322,25.113281688263022,54.49964791948422,54.480001261063556
2004-07-31,1101.719970703125,5.82,,82.18445960452733,105.4585,-0.1121024131515687,,82.18445960452733,45.18377095924707,25.894125341407744,,84.27531992156051,82.57118619685433,29.39702226030227,53.46428493587438,54.24862574973272
2004-08-31,1104.239990234375,5.65,,81.72996587683046,105.4585,-0.0885591265423173,,81.72996587683046,45.552645808926194,22.775397647690873,,81.06177049242869,80.44231860535857,32.31212503402276,52.42885151768542,53.46426145768135
2004-09-30,1114.5799560546875,5.46,,81.81385542203196,105.4585,-0.1493834651290062,,81.81385542203196,46.94261972190726,19.715653979357,,79.33954849687034,78.48495117342964,28.693280502418165,50.635210774796484,52.17611574278544
2004-10-31,1130.199951171875,5.47,,82.39303156854898,105.39625,-0.1285812570953251,,82.39303156854898,49.036444310566615,20.686034189339043,,79.03721935631881,76.49269460060071,31.611215730479923,51.37272163746102,51.47892797664766
2004-11-30,1173.8199462890625,5.52,,83.64850180194394,105.39625,-0.2382242692869401,,83.64850180194394,54.864246403084294,22.469279470223647,,80.32373713456387,75.02995326690584,24.78852365167025,51.49514798528957,51.16769346584905
2004-12-31,1211.9200439453125,5.47,,86.64163389203709,105.39625,-0.3094537531121782,,86.64163389203709,59.837691314506415,22.150852687018325,,84.52975717667593,73.74803816054015,21.386677721310832,52.33060341201033,51.732824344920324
2005-01-31,1181.27001953125,5.36,,88.43860337691869,112.11,-0.3282415836536553,,88.43860337691869,56.32461469323544,20.592522248217,,85.24913840441496,94.34423236357294,21.488768367010504,55.59985521529017,53.14186887086337
2005-02-28,1203.5999755859375,5.2,,87.2611399803602,112.11,-0.5431696261372635,,87.2611399803602,59.847920212638826,18.305527754446366,,80.77736183370497,91.35000889993911,11.108523698658935,52.27786847987765,53.40277570239274
2005-03-31,1180.5899658203125,5.4,,88.25502027295158,112.11,-0.5238858086861414,,88.25502027295158,57.70060166824077,22.911544655773795,,80.96229858724804,88.58311838549754,10.615674517119091,52.15464756277585,53.3441237526479
2005-04-30,1156.8499755859375,5.33,,86.91923078669487,111.094,-0.4614762670519907,,86.91923078669487,55.14897153351742,22.064041103179203,,76.47270146792626,83.28755073610404,14.584317602511831,50.31151648864776,51.58134417710044
2005-05-31,1191.5,5.15,,85.95055611015584,111.094,-0.5306915018758556,,85.95055611015584,61.101389386298024,18.913207325495453,,72.5808558388132,81.16586139360825,12.740835362334742,49.30042986130994,50.58886463757787
2005-06-30,1191.3299560546875,4.96,,90.57337410744972,111.094,-0.3831900071295358,,90.57337410744972,62.146614720421745,16.169976966667505,,83.22078713661233,79.229654766342,26.255785155418426,53.4045637490924,51.00550336635005
2005-07-31,1234.1800537109375,5.06,,93.67938594182208,112.03275,-0.4489745172353951,,93.67938594182208,69.39717031648665,18.597508698360482,,86.97265524148183,80.65892392981927,21.966376329277665,55.51852690308518,52.741173504495855
2005-08-31,1220.3299560546875,5.09,,95.13492306155683,112.03275,-0.5671374853198171,,95.13492306155683,69.16768926197715,19.81265838957534,,87.15195889663676,78.74877528287283,15.642817669357115,54.104779900083834,54.342623517420485
2005-09-30,1228.81005859375,5.13,,94.07569434625688,112.03275,-0.6829339430647602,,94.07569434625688,71.72474159262296,21.182945969809055,,83.83765548627534,76.99690421183524,12.135734206638805,53.17559629343628,54.266301032201774
2005-10-31,1207.010009765625,5.35,,94.22074358055733,111.44925,-0.7472310648071548,,94.22074358055733,69.7494769501138,26.956781534758484,,82.95053658023372,73.09739094301797,12.198117743447655,52.99046075031432,53.42361231461149
2005-11-30,1249.47998046875,5.42,,95.7390575965116,111.44925,-0.726487703950461,,95.7390575965116,76.62385063575277,29.387876065925276,,84.93803807340073,71.95372712265213,15.718761167622219,55.72445061307062,53.96350255227376
2005-12-31,1248.2900390625,5.37,,101.29728196116058,111.44925,-0.4928605634610394,,101.29728196116058,76.92811843594512,28.545482809812704,,91.0875749108064,71.09858582459788,33.58941247051522,60.249834890335464,56.321582084573485
2006-01-31,1280.0799560546875,5.29,,101.09613056387826,117.879,-0.4569519722188315,,101.09613056387826,81.75777938455708,26.890420561838408,,88.08864245375764,91.48217276034484,38.36684603711553,65.3171722395227,60.43048591430961
2006-02-28,1280.6600341796875,5.35,,102.8372619315644,117.879,-0.5881941188730697,,102.8372619315644,81.57951336348466,29.188079157757592,,87.75547016089332,88.82560806672382,27.57106529508469,62.98394720878882,62.85031811288235
2006-03-31,1294.8699951171875,5.53,,103.84825247922444,117.879,-0.6300442321152322,,103.84825247922444,82.56087555163568,35.44479898866715,,86.57391332757014,86.4362222162049,25.313882469031135,63.26593851062181,63.85568598631112
2006-04-30,1310.6099853515625,5.84,,110.46952112339515,117.112,-0.5511106505402766,,110.46952112339515,83.9154755785541,47.195515681256175,,90.93884910962988,81.9161923151398,34.30805405970451,67.65481734885688,64.63490102275586
2006-05-31,1270.0899658203125,5.95,,122.98724633325172,117.112,-0.6903620935252203,,122.98724633325172,79.08565594483406,52.31164066558095,,94.83248157149701,79.89045348662799,22.828631028100084,65.78977253932801,65.57017613293557
2006-06-30,1270.199951171875,5.89,,118.77651502763972,117.112,-0.3819006420021835,,118.77651502763972,78.84937229330158,50.82071517052109,,89.68461319105631,78.03342625928144,58.3150356197574,71.14063250678356,68.19507413165617
2006-07-31,1276.6600341796875,5.85,,123.5473669346582,117.1435,-0.4514813402744059,,123.5473669346582,79.32648268087354,50.05685568184888,,90.04732616634466,76.48701787583246,51.494511670730006,69.48243881512592,68.80428128707918
2006-08-31,1303.8199462890625,5.68,,123.2433282258136,117.1435,-0.6586006392414322,,123.2433282258136,81.78811577734687,43.57315000056971,,87.19750662730486,74.96900793103957,26.69110774246064,62.84377761574434,67.82228297921796
2006-09-30,1335.8499755859375,5.51,,119.64174961163852,117.1435,-0.6707480926689581,,119.64174961163852,84.13062320394312,36.92725863784044,,81.74448430789222,73.61002601286461,26.378662910015034,60.55821101451108,64.29480914846046
2006-10-31,1377.93994140625,5.51,,117.6165284930017,118.211,-0.542023187390548,,117.6165284930017,86.7698687093741,37.50173078733914,,77.59575289006509,77.26913850365145,46.92654018295248,65.21260621467646,62.8715316149773
2006-11-30,1400.6300048828125,5.33,,114.63473785318502,118.211,-0.6061124657365046,,114.63473785318502,87.49511428908093,30.112305241203778,,71.99250113887013,76.47785708871841,36.96288138314901,60.608131828204456,62.126316352464016
2006-12-31,1418.300048828125,5.32,,113.3249433548677,118.211,-0.6030077170172908,,113.3249433548677,87.73862541756823,30.15314723310731,,68.49304614256114,76.35700689728735,39.07041842967002,60.362448824038815,62.061062288973254
2007-01-31,1438.239990234375,5.4,,107.53897730177611,126.77725,-0.3686137594559309,,107.53897730177611,88.02288203375997,34.35832879840818,,57.099394351266675,95.12146588266218,84.45849257070584,71.81211272736057,64.2608977932013
2007-02-28,1406.8199462890625,5.39,,108.76626044142732,126.77725,-0.6464249463637887,,108.76626044142732,84.75073686897143,34.4493591492499,,58.01461762967305,91.97964696276287,31.275732713581068,60.09401866484766,64.08952673874903
2007-03-31,1420.8599853515625,5.3,,111.22754394600888,126.77725,-0.4453813529133434,,111.22754394600888,84.92193145838482,30.471691841151028,,61.33650967187836,89.03795438467945,72.5081028410633,67.6552380394314,66.52045647721323
2007-04-30,1482.3699951171875,5.47,,118.90675270375316,126.6765,-0.6282468856593453,,118.90675270375316,88.01189557522507,39.95617016184817,,73.65395329631009,86.26625922871482,35.79739412534151,64.73713447748793,64.16213039392234
2007-05-31,1530.6199951171875,5.47,,118.60344306831936,126.6765,-0.4991983702111295,,118.60344306831936,89.53197998350241,40.61899413189839,,71.91371603272007,83.94262711777085,63.346198382510224,69.8707031296804,67.42102521553325
2007-06-30,1503.3499755859375,5.79,,118.56456632159018,126.6765,-0.5047121118248579,,118.56456632159018,86.94094684816132,62.71488187032478,,70.47062668584023,81.84227318733156,63.924487772937866,73.17864327291915,69.26216029336251
2007-07-31,1455.27001953125,5.73,,121.87653402078632,127.1965,-0.3754712093465147,,121.87653402078632,82.79794563594834,60.21895838411392,,75.16219957501455,81.11156048876974,84.24827387100137,76.70778759096959,73.2523779978564
2007-08-31,1473.989990234375,5.79,,120.3029679639682,127.1965,0.0168996467968669,,120.3029679639682,83.39552372533393,65.62664950093337,,70.70202301956081,79.20217002477692,96.80593983518591,79.14646122115818,76.34429736168232
2007-09-30,1526.75,5.74,,119.4828357100052,127.1965,-0.030882568665153,,119.4828357100052,86.3846579311385,62.88461035362511,,67.62268967866657,77.4610887784317,92.62895949320826,77.39640124701404,77.75021668638061
2007-10-31,1549.3800048828125,5.66,,119.19412234015016,127.1855,-0.3077661535653898,,119.19412234015016,86.96565972154974,58.08134981580664,,65.6948882890248,75.92897801103378,72.91103006395159,71.9163811802733,76.15308121614852
2007-11-30,1481.1400146484375,5.44,,111.70680417438112,127.1855,-0.0379069599167814,,111.70680417438112,81.37146010850583,40.814495422070905,,40.217639626831705,74.62160869846805,89.18320884333333,65.24168253984197,71.51815498904313
2007-12-31,1468.3599853515625,5.49,,111.11070246547509,127.1855,-0.1882125634586177,,111.11070246547509,79.70869062166076,45.92689125770657,,35.935068109494296,73.55613345613568,77.84656446429841,62.59466958185915,66.5842444339915
2008-01-31,1378.550048828125,5.33,,114.70622971423836,134.80375,0.3210349842117239,,114.70622971423836,70.01727363456457,32.552149676568426,,46.5332896158742,90.14990737151604,94.37989029575695,66.72650211885603,64.8542847468524
2008-02-29,1330.6300048828125,5.53,,120.06772064183406,134.80375,-0.1295353428690398,,120.06772064183406,63.42747743728664,51.59707873882805,,66.93363784445444,87.40196208536372,73.43692415409849,68.55941605200627,65.96019591757384
2008-03-31,1322.699951171875,5.51,,122.197482100125,134.80375,-0.0605364267806158,,122.197482100125,61.73185811429258,50.26584809608323,,74.44272017029277,84.90806203841206,76.30246937625259,69.53019155906665,68.272036576643
2008-04-30,1385.5899658203125,5.55,,122.04199941896104,136.43925,-0.5404393933135133,,122.04199941896104,70.00988239339225,54.589290745634614,,72.27881202585941,85.63140024268196,35.251393681949345,63.552155817903525,67.21392114299216
2008-05-31,1400.3800048828125,5.57,,119.29587097528037,136.43925,-0.8090463604759557,,119.29587097528037,71.45417625767223,56.0604940024766,,60.40606335494141,83.44211959462073,17.591640344969647,57.790898710936126,63.62441536263545
2008-06-30,1280.0,5.68,,121.16333802483966,136.43925,-0.7146806609497638,,121.16333802483966,52.3476570066286,66.10557181951222,,68.91359592598269,81.47855078345147,24.595450675343955,58.68816524218379,60.01040659034117
2008-07-31,1267.3800048828125,5.67,,121.97075660302548,135.67775,-0.3958352678544983,,121.97075660302548,49.40109514749075,64.82181771020817,,73.10887847790674,77.98023249319233,49.72740230444686,63.00788522664897,59.82898305992298
2008-08-31,1282.8299560546875,5.64,,115.26280557679516,135.67775,-0.6140589413445176,,115.26280557679516,51.346925888815676,62.49359846654645,,40.048824771567965,76.50392196777656,31.26929564725452,52.33251334839223,58.00952127240836
2008-09-30,1166.3599853515625,5.65,,109.2510952801602,135.67775,0.6260728423874934,,109.2510952801602,30.287642041425638,63.65471246804142,,17.105961272934014,75.24102522726328,94.23190933978427,56.10425006988973,57.148216214977
2008-10-31,968.75,6.28,,91.34657013002398,135.30675,1.7449159884345062,,91.34657013002398,9.533385288939318,95.18937746752995,,2.9882396496427654,72.84819758875359,97.47060276691883,55.60596055235689,54.68090799021297
2008-11-30,896.239990234375,6.12,,83.66121488250278,135.30675,1.474392428262275,,83.66121488250278,6.618302553363444,90.21473378414196,,3.8740951824691687,71.90892127929958,92.71299054290384,53.0658086684356,54.925339763560764
2008-12-31,903.25,5.05,,81.6423598085158,135.30675,1.10236732032006,,81.6423598085158,7.851239472316116,14.528522353640438,,6.345974270190401,71.44111334088814,85.06071843671765,37.045513574750544,48.572427598514366
2009-01-31,825.8800048828125,5.05,,81.73820155903445,137.17874999999998,0.9574221955576584,,81.73820155903445,5.9142580349979434,15.473021671189596,,9.304970923854237,77.35443175836441,80.00794801900008,37.61092608148126,42.574082774889156
2009-02-28,735.0900268554688,5.27,,79.7036642815762,137.17874999999998,0.9869189248506144,,79.7036642815762,4.578144685830968,29.26555979914293,,10.950495496813884,75.57691254017958,78.62960384409217,39.80014327321191,38.1521943098146
2009-03-31,797.8699951171875,5.5,,82.02275202093936,137.17874999999998,0.8356528094226053,,82.02275202093936,7.538021032964094,48.33281256566569,,15.107425803569589,73.91082958292378,73.25806429136796,43.62943065529822,40.34683333666382
2009-04-30,872.8099975585938,5.39,,83.90127838452356,138.47875,0.4720672770634852,,83.90127838452356,11.810276309993494,39.06873061837739,,18.94987587124032,77.3953474748327,61.30579119036585,41.70600429296195,41.711859407157384
2009-05-31,919.1400146484376,5.54,,84.68058856282524,138.47875,0.3289799594740029,,84.68058856282524,15.345494555695607,53.31138474290415,,21.710226690842752,75.78825157300079,55.44477838718056,44.32002718992477,43.21848737939499
2009-06-30,919.3200073242188,5.61,,89.18409033722729,138.47875,0.1953947869229754,,89.18409033722729,16.08823179999185,60.63368880064637,,28.128744974744475,74.33236932132115,49.74869426399221,45.78634583213921,43.93745910500866
2009-07-31,987.47998046875,5.41,,91.73781419767396,137.53975,-0.0850772361340145,,91.73781419767396,21.742962006729186,42.16823524708811,,32.66548784058157,68.43928920946706,39.305369187498606,40.8642686982729,43.65688057344565
2009-08-31,1020.6199951171876,5.26,,99.03280420198185,137.53975,0.0519655301800424,,99.03280420198185,24.996521411733685,29.47132602129045,,43.83628914993829,67.13422192918222,44.078073654577025,41.903286433344334,42.851300321252175
2009-09-30,1057.0799560546875,5.13,,97.5778802506933,137.53975,0.1682557347874595,,97.5778802506933,28.758646932416593,20.823396871606644,,42.897910861773504,65.93070881729003,47.96354033648611,41.274840763914575,41.34746529851062
2009-10-31,1036.18994140625,5.15,,97.8880555286119,137.083,0.0186893027596704,,97.8880555286119,26.93643170975725,22.747814274121765,,44.57285793489472,61.44786959827844,42.004016802083996,39.54179806382724,40.906641753695396
2009-11-30,1095.6300048828125,5.19,,100.09027642807004,137.083,-0.2296732189393205,,100.09027642807004,33.33760766399193,26.092840566165748,,48.742606023502745,60.23510524342015,33.8056797061183,40.442767840639775,40.419802222793884
2009-12-31,1115.0999755859375,5.26,,106.5979808141356,137.083,-0.1900280974078607,,106.5979808141356,35.741674996515755,31.81685576772525,,59.269663552319216,60.79800773681649,35.11833620925109,44.548907652525564,41.511157852330875
2010-01-31,1073.8699951171875,5.26,,110.56069898278554,135.74725,0.0222444247069127,,110.56069898278554,31.470474521555797,32.01080492171528,,65.55991366160978,32.03881647247105,42.926278666203835,40.80125764871115,41.930977713958846
2010-02-28,1104.489990234375,5.35,,105.84760601115488,135.74725,-0.0250577644268634,,105.84760601115488,35.04068284402847,39.37787954133067,,59.684242095696774,30.524703581498123,41.06406794825055,41.13831520216092,42.162826834465896
2010-03-31,1169.4300537109375,5.27,,107.52709897931663,135.74725,-0.2092602452772732,,107.52709897931663,42.622995195631745,32.75363665339817,,63.856961052099706,28.84262534323076,35.00240604633375,40.61572485813883,40.85176590300365
2010-04-30,1186.68994140625,5.29,,107.704456862489,136.1525,-0.2605683334300003,,107.704456862489,44.64365926937846,34.49002165123689,,65.80938684411831,37.81182034607483,32.6867556410139,43.08832875036448,41.6141229368881
2010-05-31,1089.4100341796875,4.96,,102.78449124814802,136.1525,0.5273900670333859,,102.78449124814802,33.57524897255091,13.904561486731145,,59.0072760182211,38.130953620393214,59.43474720515495,40.81055746061027,41.504870356371214
2010-06-30,1030.7099609375,4.88,,102.8988435638236,136.1525,0.4198795525186328,,102.8988435638236,27.900320158225313,11.005936550810281,,61.38932601957221,38.44671318964936,53.706765817535505,38.489812347158534,40.796232852711114
2010-07-31,1101.5999755859375,4.72,,105.38149458316276,136.46625,0.3016982091831653,,105.38149458316276,35.60897391323966,7.29627284012741,,68.85884164439587,44.8594228137868,47.5417696080784,40.83305616392563,40.04447532389816
2010-08-31,1049.3299560546875,4.49,,109.41800441247044,136.46625,0.0644173043001354,,109.41800441247044,30.42998875772922,4.4459083641842385,,77.21241771970348,43.94805879530231,35.73717921675589,38.35471057073503,39.22585969393975
2010-09-30,1141.199951171875,4.53,,110.38727002322032,136.46625,0.1876299066589713,,110.38727002322032,40.68678015962195,6.08484797397823,,78.56465854760327,42.99110140525515,41.81455169556805,42.02838795640533,40.40538489702202
2010-10-31,1183.260009765625,4.68,,112.45202074223356,136.1495,-0.0508442788929008,,112.45202074223356,45.69438416282331,10.367545643015893,,79.50436175864748,33.93654590072834,32.44391816828626,40.389351126700255,40.25748321794689
2010-11-30,1180.550048828125,4.87,,114.48757235219284,136.1495,0.1371719177890964,,114.48757235219284,45.50856164161903,17.584655547218244,,80.30205475638184,32.3821667842066,43.66832573672309,43.889152893229756,42.102297325445136
2010-12-31,1257.6400146484375,5.02,,123.9311935056056,136.1495,-0.003888006789332,,123.9311935056056,54.73110049396816,25.170129759066,,87.96863304798465,30.646125699309827,36.5442169681465,47.01204119369503,43.76351507120837
2011-01-31,1286.1199951171875,5.04,,127.14481981910708,147.35975,-0.1831122744854375,,127.14481981910708,58.08397372652735,26.63413119162964,,88.21547038613105,98.20137900379085,26.65268531501252,59.557527924618284,50.15290733718104
2011-02-28,1327.219970703125,5.22,,127.33082430919367,147.35975,-0.0769849498748683,,127.33082430919367,62.697924460687645,37.69306849968401,,86.52782220876463,95.77769374661449,34.26175630448871,63.3916530440479,56.65374072078709
2011-03-31,1325.8299560546875,5.13,,123.21680496513484,147.35975,0.0358673717539315,,123.21680496513484,62.47055258731636,32.46019303193955,,80.72219869334101,92.55230581763801,46.478657996843346,62.93678162541567,61.96198753136063
2011-04-30,1363.6099853515625,5.16,,121.91157904995111,147.977,-0.2295937772629922,,121.91157904995111,66.4816456822111,34.887631387685495,,77.69145349150672,90.56502927441738,22.231438610625663,58.37143968928927,61.56662478625096
2011-05-31,1345.199951171875,4.96,,117.97844520272317,147.977,-0.3095287093343255,,117.97844520272317,64.32040634172999,24.008216342106152,,70.1272627666516,87.73470136854974,18.42131667948416,52.922380699704334,58.076867338136445
2011-06-30,1320.6400146484375,4.99,,121.24131491435072,147.977,-0.0534237412590543,,121.24131491435072,61.4776657602065,26.214172521994872,,74.90958572245862,85.1558799747053,43.61184595890102,58.27382998765327,56.522550125548975
2011-07-31,1292.280029296875,4.93,,128.47119498725309,147.95475,0.0412199903729865,,128.47119498725309,58.19902665829228,23.681839073949174,,84.3218572304597,82.70446572665823,54.09591088102202,60.60061991407628,57.26561020047799
2011-08-31,1218.8900146484375,4.37,,123.57460171659612,147.95475,0.8979476326546129,,123.57460171659612,49.70331897144835,7.010846323493941,,74.9955414542948,80.51094252374867,95.54287249942799,61.55270435448275,60.14238475207079
2011-09-30,1131.4200439453125,4.09,,115.93702451302676,147.95475,0.7733992366640822,,115.93702451302676,39.81421945846854,4.632166824415887,,56.42515454688778,78.48738778397029,90.33121073813375,53.93802787037525,58.69711737964479
2011-10-31,1253.300048828125,3.98,,108.31089081527033,148.14925,0.3258978638139792,,108.31089081527033,54.47395691741429,4.8040998431379345,,34.42030791970793,77.12694404272621,68.32171533154475,47.829404810906226,54.44004567858809
2011-11-30,1246.9599609375,3.87,,110.08442473082287,148.14925,0.3996929087430113,,110.08442473082287,54.05052024547289,5.023513302829795,,37.35124533989908,75.31888209033313,71.48427985448922,48.64568816660483,50.13770694929545
2011-12-31,1257.5999755859375,3.93,,111.92264037238756,148.14925,0.3926276568052239,,111.92264037238756,55.68833808182264,6.937422960489088,,41.86056022467465,73.61471593063756,69.51703482848633,49.523614405222055,48.66623579424439
2012-01-31,1312.4100341796875,3.85,,116.81484575852794,159.7685,0.2175203256341206,,116.81484575852794,62.47655856476912,7.227589389038985,,55.9682977611908,92.03596743220595,56.19428003309338,54.780538636059646,50.98328040262887
2012-02-29,1365.6800537109375,3.85,,118.27513682946484,159.7685,-0.0554243990609597,,118.27513682946484,68.5039392388515,8.464112740402701,,59.02697954490264,89.18663335055894,35.341796857654096,52.104692346473975,52.136281795918585
2012-03-31,1408.469970703125,3.99,,116.6273919720508,159.7685,-0.2199273735730789,,116.6273919720508,72.90446468092556,11.767829331904123,,52.790237263140774,86.59492800915031,24.655551047003964,49.74260206642495,52.209277682986205
2012-04-30,1397.9100341796875,3.96,,115.39179420724577,159.80624999999998,-0.1467137229735607,,115.39179420724577,72.16024865344085,12.342378321100366,,47.71669864417906,84.2730846784622,28.53720877567626,49.00592381457175,50.284406075823576
2012-05-31,1310.3299560546875,3.8,,114.19261033282616,159.80624999999998,0.2177313996543949,,114.19261033282616,63.33079505147282,10.856725353522446,,41.65861326078653,82.12175985769903,57.301061465397375,51.05379099777564,49.93410562625747
2012-06-30,1362.1600341796875,3.64,,111.821359111443,159.80624999999998,0.3288475874861382,,111.821359111443,69.70269477956013,9.69166949029843,,31.261258026344258,80.1724885267279,66.3757913181255,51.44078042821124,50.500165080186235
2012-07-31,1379.3199462890625,3.4,,115.58549978101904,159.06975,0.078605859458396,,115.58549978101904,71.80785842733984,8.023653605992367,,42.693757094272286,77.0330786416995,46.9181546680913,49.29530048747906,50.59662397115534
2012-08-31,1406.5799560546875,3.48,,114.3296236667117,159.06975,-0.1841201991983997,,114.3296236667117,74.8422781425511,10.058933497446867,,36.446297157121194,75.46204594616572,27.8684842787875,44.93560780441448,48.55722957336828
2012-09-30,1440.6700439453125,3.49,,116.023759025341,159.06975,0.0503420927804381,,116.023759025341,78.42431103769577,11.263512129195409,,42.184427765856384,74.0448876444919,45.978399796682915,50.37910767478447,48.20333865555936
2012-10-31,1412.1600341796875,3.47,,115.90761758981778,159.69674999999998,0.1322575754994827,,115.90761758981778,76.38642732992135,12.047012186968162,,40.90140178186129,74.33542106762509,52.09459406259317,51.15297128579381,48.822562254997614
2012-11-30,1416.1800537109375,3.5,,113.86611802980929,159.69674999999998,0.3028598862710874,,113.86611802980929,77.05396875321007,13.549104858637184,,32.4981562631742,73.42647726559953,65.03099039347568,52.31173950681933,51.281272822465894
2012-12-31,1426.18994140625,3.65,,116.97936947307976,159.69674999999998,0.135968782161163,,116.97936947307976,78.18329844755806,17.03077367031442,,47.018604019088706,73.03215684813112,51.34194460496984,53.32135551801243,52.26202210354188
2013-01-31,1498.1099853515625,3.8,,120.31486926833009,166.83575,-0.259196652215384,,120.31486926833009,83.67243160542279,20.850138013311035,,64.37869456470509,87.23052165691391,22.751283242654743,55.77661381660152,53.80323628047778
2013-02-28,1514.6800537109375,3.9,,119.03553725503616,166.83575,-0.4401962713086942,,119.03553725503616,84.19470006716512,23.82987029526264,,60.975958516273366,84.80918117547066,15.937559522360981,53.949453915306556,54.349141083306854
2013-03-31,1569.18994140625,3.93,,116.17757155151482,166.83575,-0.3927261565140786,,116.17757155151482,86.82187387432305,25.245411416131063,,47.02983997826513,82.62012276397122,19.82443455500808,52.308336517539715,54.01146808314928
2013-04-30,1597.5699462890625,3.73,,111.70887254911496,166.25825,-0.4452486427629034,,111.70887254911496,87.65363448690752,21.417629710267004,,25.936214809692267,79.4168613781106,18.5997576519638,46.60481960738824,50.954203346744855
2013-05-31,1630.739990234375,3.89,,111.53559578645375,166.25825,-0.3752064218133921,,111.53559578645375,88.55348259035104,25.79946806151497,,26.756530644563338,77.62392016227669,22.139672982921006,48.174614888325415,49.02925700441781
2013-06-30,1606.280029296875,4.27,,111.17765502906404,166.25825,-0.1419982984743621,,111.17765502906404,86.36729713911161,36.86055702461312,,26.846271868157796,75.98284629034679,35.70798052517507,52.35299056948088,49.04414168839819
2013-07-31,1685.72998046875,4.34,,112.7437158704376,167.008,-0.4101875139309412,,112.7437158704376,89.12487492692254,39.58940443690796,,34.73508421798885,76.39177960386307,22.433952545258258,52.45501914618815,50.9942082013315
2013-08-31,1632.969970703125,4.54,,114.39486423770818,167.008,-0.4099372366031812,,114.39486423770818,85.6682227038615,46.663498821747744,,48.695131010857914,75.02686359721815,22.97525937486979,55.80579510171102,53.53793493912671
2013-09-30,1681.550048828125,4.64,,112.94178875790976,167.008,-0.2088371330567301,,112.94178875790976,87.02395849473993,50.61858020273318,,37.6636268356903,73.88505864279355,36.44752759656187,57.12775035450376,55.129521534134334
2013-10-31,1756.5400390625,4.53,,112.706432895804,167.22875,-0.0938095936289608,,112.706432895804,89.15164871891209,47.738592694028334,,32.90913746069317,73.74812763906895,47.32465162599755,58.17443162774002,57.03599236131828
2013-11-30,1805.81005859375,4.63,,112.83740780752458,167.22875,-0.7223466706472507,,112.83740780752458,89.96600018375234,52.33048354191805,,32.133931709987166,73.48219653799195,11.11506855907493,51.805536106544885,55.702572696262905
2013-12-31,1848.3599853515625,4.62,,116.99892221770035,167.22875,-0.3886397817848423,,116.99892221770035,90.39226842086154,52.234110252982816,,69.64711302429187,74.67647094696402,29.31105096594045,63.252202722208146,57.74405681883104
2014-01-31,1782.5899658203125,4.49,,119.97275021768084,175.12125,-0.4938430157763052,,119.97275021768084,87.11890049705455,47.66708283124883,,86.28792052389905,92.97642731867212,23.864683420890174,67.58300291835295,60.88024724903534
2014-02-28,1859.449951171875,4.45,,116.93386843996376,175.12125,-0.45986591727548,,116.93386843996376,89.51637288643421,46.63661855542441,,67.63821156941984,89.999802076361,27.69090763897134,64.29638254532217,65.04386272862779
2014-03-31,1872.3399658203125,4.38,,111.91089692623676,175.12125,-0.4953614846002638,,111.91089692623676,89.26286053892596,44.58330415691016,,25.161651174303117,87.27370059957165,26.49527532898963,54.55535835974011,62.1449146078051
2014-04-30,1883.949951171875,4.24,,110.13918334515516,176.30925,-0.4438369284208914,,110.13918334515516,88.86302760297411,39.83296172255451,,17.110551217133146,86.93752847235251,31.254952002083225,52.79980420341949,57.217181702827276
2014-05-31,1923.5699462890625,4.16,,111.99305684640922,176.30925,-0.5789097234295383,,111.99305684640922,89.3885406720293,37.42797670407486,,29.45267740821319,84.51968583655874,23.868293196582446,52.931434763491716,53.428865775550456
2014-06-30,1960.22998046875,4.25,,112.77980914792737,176.30925,-0.6719815840337175,,112.77980914792737,89.74075050305447,41.55708930400668,,34.96805992072606,82.32963564528335,19.58031624851194,53.6351703243165,53.122136430409256
2014-07-31,1930.6700439453125,4.16,,116.48189554253292,176.45749999999998,-0.6844081159288802,,116.48189554253292,87.74562778718425,38.55928464028699,,66.0503629837865,80.76956957832442,20.71553745457864,58.768076488832165,55.111560525546814
2014-08-31,2003.3699951171875,4.08,,115.7835292212866,176.45749999999998,-0.6508683814133912,,115.7835292212866,89.34799691887822,35.963378469372614,,59.838689991190385,79.05157786521914,24.59626272739608,57.7595811944113,56.72094266918668
2014-09-30,1972.2900390625,4.11,,113.92457202232832,176.45749999999998,-0.5120915895012503,,113.92457202232832,87.25543352663303,37.72320377174071,,44.53299695517531,77.53731946874267,36.39008841242489,56.68780842694333,57.73848870339561
2014-10-31,2018.050048828125,3.92,,112.44068414937897,175.5685,-0.1398310510215501,,112.44068414937897,87.99078030058817,30.891342026314312,,33.52611117526011,73.36276513499509,71.8151790316289,59.51723553375732,57.98820838503733
2014-11-30,2067.56005859375,3.92,,113.9438190810403,175.5685,-0.3862365042575719,,113.9438190810403,88.65786059239515,31.479776790231174,,45.94598160006792,72.19502666762003,52.031629676979485,58.06205506545876,58.08903300871982
2014-12-31,2058.89990234375,3.79,,113.12665472410112,175.5685,-0.1657005440885524,,113.12665472410112,87.34959042506453,27.276026190211134,,40.20442366867413,71.3022304546053,80.27926655550144,61.2823074588113,59.62053268600914
2015-01-31,1994.989990234375,3.46,,111.07843967876026,182.922,0.2897215523192039,,111.07843967876026,83.94989133479768,17.775467120431138,,25.405273255367433,89.46861884603877,95.26528927268342,62.372907965863696,60.572423496711274
2015-02-28,2104.5,3.61,,110.65210944723778,182.922,-0.0362382376995324,,110.65210944723778,87.27310308533156,22.634659538902714,,23.438852220747233,86.8066996647842,80.6070703221032,60.152076966373784,61.26909746368295
2015-03-31,2067.889892578125,3.64,,109.6202339292156,182.922,-0.1085141014737463,,109.6202339292156,84.94673435409062,24.148442572571586,,18.794726579712428,84.39503741687028,73.98041808350924,57.25307180135083,59.92601891119612
2015-04-30,2085.510009765625,3.52,,108.00363223790032,182.94,-0.0692875302495981,,108.00363223790032,84.70661657955397,20.727386525933607,,13.058775298378992,82.31313483393963,75.24430138959708,55.21004292548066,57.53839723106844
2015-05-31,2107.389892578125,3.98,,109.85225209445385,182.94,-0.2586771326981438,,109.85225209445385,84.72205305224644,39.43413751839731,,23.99340831341458,80.39846408975339,58.342462777572536,57.37810515027685,56.61373995903613
2015-06-30,2063.110107421875,4.19,,108.65924099026344,182.94,-0.0310247022665813,,108.65924099026344,82.14768515773237,50.1411912587311,,18.467578511935187,78.67904957868632,76.86064570655961,61.25923004272892,57.949126039495496
2015-07-31,2103.840087890625,4.15,,108.03364875985046,182.79125,-0.773130957033362,,108.03364875985046,83.1517490044965,48.60810021175962,,17.59495389941916,76.62062001254077,17.55610769455949,48.70630616455511,55.78121378585365
2015-08-31,1972.1800537109373,4.04,,105.5215742712014,182.79125,-0.694837790671573,,105.5215742712014,76.01797943256017,43.468688018225066,,11.498399853411573,75.16792382740364,23.568794928891123,45.94435721209832,51.96996447312747
2015-09-30,1920.030029296875,4.07,,104.87874982807308,182.79125,-0.5119822603918127,,104.87874982807308,72.2794885322419,45.32573755210093,,12.53411808701806,73.90348602914949,38.260431308658646,48.46065230183382,47.7037718928291
2015-10-31,2079.360107421875,3.95,,103.08118988788011,182.0085,-0.7032098060534185,,103.08118988788011,80.51822794141928,39.90475753643379,,11.070521530419581,69.74406372243817,25.54256955728939,45.35602805760005,46.58701252384409
2015-11-30,2080.409912109375,4.06,,99.82882082080636,182.0085,-0.6962683814316134,,99.82882082080636,79.85167948130567,46.00835024720566,,8.519935673730052,68.88230028701031,25.852690013584272,45.82299114056719,46.54655716666704
2015-12-31,2043.93994140625,3.97,,100.0,182.0085,-0.9872533790295914,,100.0,77.19551994003804,42.06298360211511,,11.46763974233344,68.61864632100485,13.625894307413555,42.594136782580996,44.59105199358277
2016-01-31,1940.239990234375,4.0,,102.37229768955724,198.76925,-0.8736680631397541,,102.37229768955724,70.22002652934174,44.36561510855073,,18.478990130897678,97.23140375517842,20.420226086409468,50.143252322075604,46.18679341507462
2016-02-29,1932.22998046875,3.96,,101.45533577164868,198.76925,-0.9213928206287488,,101.45533577164868,69.07705469525912,42.95260446816342,,17.724158137082952,94.14808277966655,20.007992987469304,48.781978613528274,47.17312257272831
2016-03-31,2059.739990234375,3.82,,101.39411572397496,198.76925,-0.8383739964319463,,101.39411572397496,76.43787908136655,35.642652733872495,,19.7336520146983,91.11091051785607,25.66140967615318,49.717300804789325,49.54751058013108
2016-04-30,2065.300048828125,3.62,,101.2859157792014,198.48425,-0.9035462363418107,,101.2859157792014,76.04611465364215,25.300793440475992,,21.386888999077456,87.93283821766828,23.829885470001262,46.899304156173024,48.46619452483023
2016-05-31,2096.949951171875,3.65,,99.95146716160782,198.48425,-0.8337018456919536,,99.95146716160782,77.1351374282687,27.082232143125225,,19.64503135075109,85.34174261411945,28.582028464829218,47.55723440021873,48.05794645372705
2016-06-30,2098.860107421875,3.5,,102.33952773953716,198.48425,-0.7887201849748665,,102.33952773953716,76.54961026048134,19.78178730227157,,29.007389582078353,82.98619845632714,31.660869532373525,47.99717102670639,47.48456986103273
2016-07-31,2173.60009765625,3.28,,106.15162925297028,198.78000000000003,-1.0091692058364117,,106.15162925297028,79.88751007288768,11.7529479983419,,46.79471938545064,81.27921089666181,21.444366782698125,48.23175102720803,47.92871881804441
2016-08-31,2170.949951171875,3.32,,105.9149160683964,198.78000000000003,-1.0316550883095237,,105.9149160683964,79.136396742159,13.996338287657684,,47.4623494273791,79.27042895873812,21.920715286524796,48.35724574049175,48.19538926480207
2016-09-30,2168.27001953125,3.41,,103.11609554391494,198.78000000000003,-0.7024296782211488,,103.11609554391494,78.55376502128088,18.352147989397764,,34.77443124684451,77.41972190912774,40.227842995832404,49.86558183249666,48.81819286673217
2016-10-31,2126.14990234375,3.51,,101.45733978116118,199.22925,-0.3328204598655309,,101.45733978116118,75.52473215316739,23.692785983805564,,28.431371759884307,76.59432911485172,64.3127436044446,53.711192523230714,50.64467336540639
2016-11-30,2198.81005859375,3.86,,106.47547830442264,199.22925,-0.6538573340284937,,106.47547830442264,79.26877557241735,45.58338636671287,,58.06942258212445,75.04964559615901,44.37582271533645,60.469410566550025,54.68206164075915
2016-12-31,2238.830078125,4.06,,112.5467266105432,199.22925,-0.785152804038182,,112.5467266105432,80.90878313302336,59.460933991797205,,86.73010954464306,73.65708823070612,37.41933831204375,67.6352506424427,60.605284577407836
2017-01-31,2278.8701171875,3.92,,113.45264373188854,216.441,-0.6325455387865851,,113.45264373188854,82.36081817953804,49.587078293223016,,87.98206291828976,92.63108153273382,49.98818791911383,72.5098457685797,66.87150232585749
2017-02-28,2363.639892578125,3.95,,111.20141209991318,216.441,-0.7088309819147534,,111.20141209991318,85.54564585994157,51.592772608516334,,80.64896104264668,89.6897586629388,45.90028331164197,70.67548429713707,70.27352690271984
2017-03-31,2362.719970703125,4.01,,111.8210084804668,216.441,-0.5803588758981618,,111.8210084804668,84.71948907188435,55.79128561411048,,81.90469209853308,87.00210255326321,59.09970137374167,73.70345414230655,72.29626140267446
2017-04-30,2384.199951171875,3.87,,109.07747473113272,216.45875,-0.665391398052099,,109.07747473113272,84.92061509971319,46.02062769988376,,70.07395559615851,84.58152272895103,54.146105046717786,67.94856523428484,70.7758345579095
2017-05-31,2411.800048828125,3.85,,109.2145808873633,216.45875,-0.5748889600142142,,109.2145808873633,85.54546726678771,44.55530782149443,,70.97861027162338,82.37113110655152,65.71646894771736,69.83339708283488,70.49513881980879
2017-06-30,2423.409912109375,3.68,,111.73374232616446,216.45875,-0.7387031663327117,,111.73374232616446,85.41585581363833,33.10876283607231,,80.29578506772833,80.36268056624098,51.34948580736206,66.10651401820841,67.9628254451094
2017-07-31,2470.300048828125,3.7,,115.92592607172094,217.358,-0.697058910976115,,115.92592607172094,86.71909590491383,33.82191353065592,,88.70852013759615,79.60821357404629,57.14234367527495,69.20001736449743,68.37997615518024
2017-08-31,2471.64990234375,3.63,,118.65057419867946,217.358,-0.49674898642688,,118.65057419867946,86.11438045474371,29.164890735764047,,90.12533474554161,77.90799035034694,80.08976985571728,72.68047322842273,69.32900153704287
2017-09-30,2519.360107421875,3.63,,117.48915493711092,217.358,-0.5013893204541491,,117.48915493711092,87.3174460033097,28.884599818618966,,85.43821155746475,76.38660429572903,79.53584256803404,71.5125408486313,71.13101048051716
2017-10-31,2575.260009765625,3.6,,119.657952279631,217.4305,-0.4371916782554077,,119.657952279631,88.69857469796962,26.837644917419677,,86.61978057492172,75.23744736406805,82.78637481454014,72.03596447378384,72.07632618361264
2017-11-30,2647.580078125,3.57,,120.6028248826134,217.4305,-0.3597340570120739,,120.6028248826134,90.3368956698148,24.98399389285499,,85.77900370007883,74.26158192143573,85.51675196245654,72.17564542932817,71.90805025058111
2017-12-31,2673.610107421875,3.51,99.0,124.38125481976566,217.4305,-0.4140433324017901,99.0,124.38125481976566,90.4137073142257,22.08117599621354,,88.67384937779495,73.74962097291755,79.92712562779342,70.96909585778903,71.72690192030036
2018-01-31,2823.81005859375,3.55,99.0,129.03666760095797,236.9875,-0.3775496281805971,99.0,129.03666760095797,93.22928364069413,24.59500419364549,,90.70405376694008,92.77403713160398,80.57240026695465,76.37495579996767,73.17323236236165
2018-02-28,2713.830078125,3.82,99.0,124.05784731713749,236.9875,-0.3234401175434494,99.0,124.05784731713749,89.59245214793226,41.83726261399881,,81.88906119981667,89.83669479112997,82.29442506788163,77.08997916415188,74.81134360730287
2018-03-31,2640.8701171875,3.87,99.0,122.61592653282908,236.9875,-0.2628757104887109,99.0,122.61592653282908,86.26369330325011,45.48899080857347,,77.34845036354751,87.1519690133009,83.7489239941717,76.00040549656875,76.48844682022946
2018-04-30,2648.050048828125,3.85,99.0,122.6510543153988,236.76975,-0.3882515536314874,99.0,122.6510543153988,85.79316483178442,43.89145459927612,,75.74907301507714,84.5554324087154,72.68623562439448,72.53507209584951,75.2084855855234
2018-05-31,2705.27001953125,4.0,99.0,121.96770639702702,236.76975,-0.3499805402836174,99.0,121.96770639702702,87.1822083851276,54.6539871788765,,72.78933365220493,82.38095337347555,74.40940706374374,74.28317793068567,74.272885174368
2018-06-30,2718.3701171875,3.96,99.0,124.64765072850469,236.76975,-0.507988185171137,99.0,124.64765072850469,86.91118768490612,52.14328448443099,,77.38173411575544,80.41162158531897,56.71307313392692,70.71218020086769,72.5101434091343
2018-07-31,2816.2900390625,3.87,99.0,121.16291177279224,237.24475,-0.440904121254791,99.0,121.16291177279224,89.29948103394679,46.06240603247974,,67.07185814926692,79.12530178643553,63.10737446080339,68.93328429258648,71.3095474747133
2018-08-31,2901.52001953125,3.88,99.0,119.90227280226172,237.24475,-0.4880328819556748,99.0,119.90227280226172,90.8155914860988,47.54733163325594,,61.87275834166147,77.47907557048656,54.816032008614435,66.50615780802345,68.71720743382588
2018-09-30,2913.97998046875,3.98,99.0,117.93554028293369,237.24475,0.0723043976322638,99.0,117.93554028293369,90.21481509092187,56.30138633746815,,53.5191873972336,76.01512822174237,95.00751524572009,74.21160645861721,69.88368285307571
2018-10-31,2711.739990234375,4.14,99.0,118.20840970638304,236.89075,0.227165778351283,99.0,118.20840970638304,82.0937883380385,69.25334532921823,,52.233129011618395,74.22622906148442,94.80426891665942,74.5221521314038,71.74663879934816
2018-11-30,2760.169921875,4.22,99.0,119.4798402995557,236.89075,-0.3353710093907335,99.0,119.4798402995557,83.41928509283314,75.89112778226064,,55.81631931861531,73.17911852220412,61.82152444324881,70.0254750318324,72.91974454061783
2018-12-31,2506.85009765625,4.02,99.0,119.3716191305756,236.89075,-0.3173567894244211,99.0,119.3716191305756,68.6812031967465,62.700628505537146,,54.107755690376855,72.51757329148089,62.168321088667525,64.03509635456179,69.52757450593268
2019-01-31,2704.10009765625,3.93,99.0,120.1917224147847,250.6095,-0.3085939353323763,99.0,120.1917224147847,79.77323067988723,55.854890676009425,,56.78765229088201,88.18124426629403,61.825851482444286,68.4845738791034,67.51504842183255
2019-02-28,2784.489990234375,3.79,99.0,121.25712494251616,250.6095,-0.5050441056021635,99.0,121.25712494251616,82.79458063922132,43.33051075338511,,60.325668903638686,85.65822198180977,38.7609882554878,62.17399410670855,64.89788811345792
2019-03-31,2834.39990234375,3.77,99.0,121.67182256910856,250.6095,-0.3639995749960212,99.0,121.67182256910856,84.08417140977818,42.08014983300919,,60.864209853098025,83.37572431892978,54.03532777441232,64.8879166378455,65.18216154121917
2019-04-30,2945.830078125,3.69,99.0,119.18328654812954,250.23425,-0.3727394254742866,99.0,119.18328654812954,87.29343103145652,34.86232477264319,,44.747990833361314,80.90009603325524,51.62302952111803,59.88537443836685,62.315761727640314
2019-05-31,2752.06005859375,3.67,99.0,117.08479166848272,250.23425,-0.4152125567720584,99.0,117.08479166848272,78.26541742201984,33.55174516328265,,27.71417527969152,79.04995002026011,45.504679721000855,52.817193521251006,59.196828199154474
2019-06-30,2941.760009765625,3.42,99.0,116.68363019463584,250.23425,-0.452682858161077,99.0,116.68363019463584,85.6931798733795,15.46872039471955,,21.513017247452108,77.37435455857985,38.66410860688655,47.74267613620352,53.48174803194047
2019-07-31,2980.3798828125,3.29,99.0,120.6471108903006,250.495,-0.2244065009967222,99.0,120.6471108903006,86.14259132632314,10.475722419223475,,48.896692437882535,76.17455212679677,67.09164625740338,57.75624091352586,52.77203685699347
2019-08-31,2926.4599609375,2.98,99.0,118.586949068043,250.495,-0.4585889079130082,99.0,118.586949068043,83.19724587004545,4.262747484699487,,31.687490388772964,74.76723553568667,34.1874287802464,45.620429611890195,50.37311555387321
2019-09-30,2976.739990234375,3.03,99.0,117.80239938175322,250.495,-0.4626664894673209,99.0,117.80239938175322,84.28987935848843,6.292825835259882,,25.837353753469532,73.55715869221922,33.32517172567968,44.66047787302335,49.34571613281315
2019-10-31,3037.56005859375,3.01,99.0,116.1579355349599,250.4955,-0.439823533995845,99.0,116.1579355349599,85.555216813329,7.131312043765195,,18.14904395241058,72.61271632078868,36.38625555169345,43.96690893639738,44.74927214043699
2019-11-30,3140.97998046875,3.06,99.0,118.15544609528104,250.4955,-0.4625003252313258,99.0,118.15544609528104,87.81348891076442,9.568798242295037,,31.241243811401535,72.13792718506762,34.07339898740973,46.96697142738767,45.198119412269484
2019-12-31,3230.780029296875,3.01,99.0,120.84891247026614,250.4955,-0.5627733962197959,99.0,120.84891247026614,89.17845451373915,9.425424774043538,,53.95979249125051,72.79091272380572,23.64885101555312,49.800687103678406,46.9115224891545
2020-01-31,3225.52001953125,2.94,99.0,120.77662822008205,265.2695,-0.4807411226230474,99.0,120.77662822008205,88.03149535557624,8.693981380247987,,58.06794753419715,92.70339949640456,33.6712414887496,56.23361305103511,51.00042386070041
2020-02-29,2954.219970703125,2.78,99.0,117.82862123100983,265.2695,-0.3822965893629707,99.0,117.82862123100983,77.30633650597835,6.745422292931023,,28.48075892780198,89.7688400451114,47.14031144665674,49.8883338436959,51.97421133280315
2020-03-31,2584.590087890625,3.02,99.0,112.16734257515726,265.2695,-0.0641671015739825,99.0,112.16734257515726,55.466392992505156,13.53047279899395,,5.627074166942527,87.08746967588776,82.32548399338503,48.8073787255429,51.64310854009131
2020-04-30,2912.429931640625,2.43,99.0,106.64170896836264,271.16975,-0.2538048440730224,99.0,106.64170896836264,74.40784032350089,4.153489741426721,,3.2417401052320853,89.78023559421653,62.19913902120074,46.756488957115394,48.48406717545141
2020-05-31,3044.31005859375,2.5,99.0,107.80032469678412,271.16975,-0.1304519562876373,99.0,107.80032469678412,79.78527766622368,6.167172076023088,,7.55406493049308,87.16825001277235,74.51891507151362,51.03873595140516,48.86753454468783
2020-06-30,3100.2900390625,2.44,99.0,113.91497375680656,271.16975,-0.4840172356660289,99.0,113.91497375680656,81.29388470258,6.549520478468524,,27.98381381768606,84.81184314733885,31.938525365549893,46.51551750232468,48.103580803615095
2020-07-31,3271.1201171875,2.14,99.0,125.652417030907,266.733,-0.3883905298798265,99.0,125.652417030907,86.29917962446427,4.615042637167403,,86.47051926298931,77.30086785771638,43.180734864318126,59.57326884933111,52.37584076768699
2020-08-31,3500.31005859375,2.25,99.0,125.70546888947456,266.733,-0.5759886457013528,99.0,125.70546888947456,90.98588776467155,6.962005303399707,,84.51528681298028,75.6453736787977,23.029500510516527,56.22761081407316,54.10546572190966
2020-09-30,3363.0,2.31,99.0,124.61952006814606,266.733,-0.4608766845990565,99.0,124.61952006814606,86.87011538180684,8.938072778121558,,79.1846327276031,74.12514775431653,36.302045847638965,57.08400289789739,57.62829418710057
2020-10-31,3269.9599609375,2.35,99.0,126.55633426110964,265.19725,-0.3583446133609532,99.0,126.55633426110964,83.10964364428682,10.723468784847787,,82.8845500861098,69.9887584117055,55.49241188208212,60.439766561806415,57.91712675792567
2020-11-30,3621.6298828125,2.3,99.0,128.7078131034959,265.19725,-0.4202383331919638,99.0,128.7078131034959,91.21158868594247,10.970194329838208,,85.66413711502047,68.75794988989286,43.8391118659898,60.08859637733676,59.20412194568021
2020-12-31,3756.070068359375,2.26,99.0,138.12214600340192,265.19725,-0.4567658462644519,99.0,138.12214600340192,92.44394158176715,11.399314817061244,,93.98686376629932,67.70320481046275,37.860307299478464,60.67872645501379,60.40236313138567
2021-01-31,3714.239990234375,2.45,99.0,141.11599336852387,294.00875,-0.4105953319125641,99.0,141.11599336852387,90.81150107845727,16.11854816601472,,92.88257245234863,95.32292596216323,47.73658272359718,68.5744260765162,63.1139163029556
2021-02-28,3811.14990234375,2.7,99.0,145.45904040342896,294.00875,-0.6075347468617174,99.0,145.45904040342896,91.59633566886882,23.492997414488737,,92.56437264347717,92.20508839893193,16.97046519344043,63.36585186384141,64.20633479845715
2021-03-31,3972.889892578125,3.04,99.0,145.6155330720538,294.00875,-0.5491210931184999,99.0,145.6155330720538,92.94903615591713,35.87168486340484,,89.65614569088841,89.27862877427732,25.965086395322906,66.74411637596212,66.22813143877325
2021-04-30,4181.169921875,2.9,99.0,147.44464448861189,293.86325,-0.7546431307900718,99.0,147.44464448861189,94.30343206328936,31.090850781326484,,88.20486808282418,86.52962675484336,9.94169148977728,62.014093834412144,64.04135402473857
2021-05-31,4204.10986328125,2.96,99.0,153.75667945155348,293.86325,-0.727637376413427,99.0,153.75667945155348,93.45177409574174,33.77844903547422,,89.70768434751032,84.12782695055468,14.324092444173964,63.077965374690976,63.94539186168843
2021-06-30,4297.5,2.79,99.0,152.9074841266814,293.86325,-0.8355075652226444,99.0,152.9074841266814,93.39278120057467,28.200912767185116,,86.34371864029647,81.94823595281059,10.817718385846174,60.1406733893426,61.74424419948192
2021-07-31,4395.259765625,2.57,99.0,153.55302089768432,293.5895,-0.6128016335526753,99.0,153.55302089768432,93.30591401324854,21.977951679183665,,84.30853397352155,79.71675062586807,31.005376297642766,62.06290531789292,61.760514693975516
2021-08-31,4522.68017578125,2.55,99.0,153.56339596573878,293.5895,-0.6487188243791249,99.0,153.56339596573878,93.46460654822349,22.07683217238205,,81.97594973620383,77.9101432429335,28.086372641714718,60.70278086829151,60.96878652517569
2021-09-30,4307.5400390625,2.53,99.0,150.8740476562509,293.5895,-0.5997533305650776,99.0,150.8740476562509,89.7859725923215,22.22065163288687,,77.35081955908915,76.2594507832401,34.770926087048096,60.07756413091714,60.94775010570053
2021-10-31,4605.3798828125,2.68,99.0,154.2470716024419,295.003,-0.6711171025535776,99.0,154.2470716024419,92.44070044573036,27.26767994257863,,78.79174758273423,76.28525278138537,27.84448344384831,60.52597283925539,60.435439279488016
2021-11-30,4567.0,2.62,99.0,154.81232729584568,295.003,-0.6544791715584687,99.0,154.81232729584568,90.92370288636072,26.081325967457236,,77.41915123997114,74.92111490235187,30.856956891243044,60.0404503774768,60.214662449216455
2021-12-31,4766.18017578125,2.65,99.0,154.82765681595953,295.003,-0.6118004198583313,99.0,154.82765681595953,92.0564774620908,27.65133442617614,,75.60359133901837,73.7778019894169,36.24968777731274,61.06777859880299,60.54473393851174
2022-01-31,4515.5498046875,2.93,99.0,161.9550501465212,327.64975,-0.5673880498680465,99.0,161.9550501465212,87.84619065393491,38.01273236275052,,80.36338657658801,93.65226831217157,42.35588606458668,68.44609279400635,63.18477392342873
2022-02-28,4373.93994140625,3.25,99.0,161.25506762009545,327.64975,-0.5227635423342304,99.0,161.25506762009545,84.53319149387656,51.22995225458891,,77.82577955855169,90.70112381423327,48.995846597976666,70.65717874384542,66.72368337888493
2022-03-31,4530.41015625,3.43,99.0,161.28426012082858,327.64975,-0.3782893957838424,99.0,161.28426012082858,86.2959460571262,59.03038341416816,,76.30494319241411,87.9923271256496,71.5726373894466,76.23924743576094,71.78083965787091
2022-04-30,4131.93017578125,3.76,99.0,160.07853648349294,328.41099999999994,-0.4113696151733051,99.0,160.07853648349294,77.42228009103627,71.50030988562236,,74.01414382176947,85.7608497713556,69.05737344175353,75.55099140230745,74.14913919397128
2022-05-31,4132.14990234375,4.13,99.0,155.13950209082068,328.41099999999994,-0.4115001252699927,99.0,155.13950209082068,76.71604725211839,81.95989831633592,,66.55947234987889,83.36737353354306,73.7606142077668,76.4726811319286,76.087639989999
2022-06-30,3785.3798828125,4.24,99.0,154.3802748902854,328.41099999999994,-0.506812374250631,99.0,154.3802748902854,66.24344847752195,83.86848098972251,,64.13256819268445,81.18465850007082,57.75860909080659,70.63755305016127,74.22040852813245
2022-07-31,4130.2900390625,4.06,99.0,144.47259873654767,329.6765,-0.5202026697087885,99.0,144.47259873654767,75.59444007071191,79.137427979485,,42.585034330029345,80.08499584370034,56.48526548185436,66.77743274115619,71.29588897441536
2022-08-31,3955.0,4.07,99.0,147.31821071178544,329.6765,-0.4775611129241136,99.0,147.31821071178544,70.0519118144454,78.95038677138606,,46.42048522125945,78.32312387745817,63.71240075230311,67.49166168737044,68.30221582622931
2022-09-30,3585.6201171875,4.59,99.0,143.22849011776097,329.6765,-0.3398151413620993,99.0,143.22849011776097,57.288570815087134,88.58820005564712,,33.55087795721008,76.73591807264624,82.30140732422906,67.69299484496393,67.32069642449686
2022-10-31,3871.97998046875,5.1,99.0,139.81202425417848,330.07925,-0.3009510920402035,99.0,139.81202425417848,66.52483950098866,93.25923026118934,,22.176093716630554,75.71696873281503,85.3115569022948,68.59773782278369,67.92746478503936
2022-11-30,4080.110107421875,4.9,99.0,144.6605521962252,330.07925,-0.3699744783542887,99.0,144.6605521962252,72.34199549840642,90.12436742934001,,29.26247540956573,74.62350562661875,77.18388195887687,68.70724518456156,68.33265928410307
2022-12-31,3839.5,4.43,99.0,150.76959362707285,330.07925,0.1752921394255678,99.0,150.76959362707285,64.1351215433567,81.9254424303872,,47.728514007100706,73.90663482224612,96.83070967634815,72.90528449588778,70.07008916774436
2023-01-31,4076.60009765625,4.4,99.0,153.1305280791025,351.6715,0.5937303888202877,99.0,153.1305280791025,71.18281001255718,80.64378134860348,,55.23036393349494,87.7313158326975,97.12669308640731,78.38299284275209,73.33184084106715
2023-02-28,3970.14990234375,4.56,99.0,151.3464151538709,351.6715,0.5526370661717835,99.0,151.3464151538709,67.23615233090547,83.11290120821337,,46.81433466278767,85.22436739068976,93.5024073713703,75.17803259279331,75.4887699771444
2023-03-31,4109.31005859375,4.6,99.0,151.90879088226947,351.6715,0.6636810992287414,99.0,151.90879088226947,71.04881147839994,83.20553244846856,,48.02496987843869,82.95247922745632,91.9068367079065,75.42772594813401,76.32958379455982
2023-04-30,4169.47998046875,4.47,99.0,149.23458549985045,352.653,0.6833392047488065,99.0,149.23458549985045,72.25756223821176,80.2321888959345,,36.304769152721036,81.50542409753078,89.30407158828271,71.92080319453615,74.17552057848782
2023-05-31,4179.830078125,4.67,99.0,145.26097574224158,352.653,0.6834661380218314,99.0,145.26097574224158,71.94419615033287,83.3663111524324,,23.839190379348562,79.59580905097617,86.60010487175788,69.06912232096957,72.13921715454659
2023-06-30,4450.3798828125,4.65,99.0,147.55871175323983,352.653,0.5571305454372119,99.0,147.55871175323983,78.78859889673338,82.44712220723778,,32.65138497997261,77.86339029529631,81.29216928936543,70.60853313372111,70.53281954974229
2023-07-31,4588.9599609375,4.66,99.0,152.72933502490153,353.0035,0.2910245203052948,99.0,152.72933502490153,81.30408198136608,82.00599946605503,,53.793569546811405,76.58655598660347,70.56222235511869,72.85048586719094,70.84271377396054
2023-08-31,4507.66015625,4.95,99.0,152.04173363149326,353.0035,0.0903224180838674,99.0,152.04173363149326,78.57860636546063,85.78175081124509,,51.17359029469183,75.20998639992682,60.60519448319517,70.2698256709039,71.24294822393865
2023-09-30,4288.0498046875,5.13,99.0,149.317152144446,353.0035,0.1339502733378553,99.0,149.317152144446,71.8033551379924,87.3071872934875,,40.11269111040106,74.05567959353274,61.388446807578404,66.93347198859843,70.01792784223109
2023-10-31,4193.7998046875,5.61,99.0,146.01027564646168,352.79925,0.162391776779841,99.0,146.01027564646168,68.22350571717578,91.22546645033015,,29.17276326218377,72.89991423242427,61.37403246361952,64.5791364251467,67.26081136154968
2023-11-30,4567.7998046875,5.28,99.0,148.6798589612542,352.79925,0.2320843045044068,99.0,148.6798589612542,78.57969298597308,87.11588629257983,,40.05571102873162,72.43069440209494,63.31919445207488,68.30023583229087,66.60428141534534
2023-12-31,4769.830078125,4.74,99.0,151.44240610296794,352.79925,0.0960981100108399,99.0,151.44240610296794,82.78331848188685,78.74563169441669,,52.029734188888696,73.08587976190721,55.02150116025265,68.3332130574704,67.07086177163599
2024-01-31,4845.64990234375,4.87,99.0,154.91988566035494,376.446,0.2949578586625101,99.0,154.91988566035494,83.67977581859918,80.33625483234249,,68.28944254172028,92.03528157900112,64.03733050472155,77.67561705527693,71.43635531501275
2024-02-29,5096.27001953125,5.03,99.0,150.77303634264604,376.446,0.2370639936568741,99.0,150.77303634264604,87.48849552984565,82.06997415177236,,52.68100274192077,89.20879066526514,59.562859144932425,74.20222444674728,73.40368485316488
2024-03-31,5254.35009765625,5.01,50.0,152.6191617089925,376.446,0.1765413732895087,50.0,152.6191617089925,88.9920720771568,81.05382851129399,1.798620996209156,64.74717357122653,86.6406250325468,54.878726983278746,63.01850786195201,71.63211645465874
2024-04-30,5035.68994140625,5.28,50.0,157.44529650958862,377.3855,0.1080403093006777,50.0,157.44529650958862,84.44021697180757,83.9600003632615,3.744228707139139,85.70021596271728,84.91113777848147,49.449509189295576,65.36755149545043,67.5294279347166
2024-05-31,5277.509765625,5.25,50.0,163.55579046259493,377.3855,0.0470837545005164,50.0,163.55579046259493,87.84861618145821,82.72846498623413,6.978185886556589,93.53761583226368,82.74483440544483,44.25939540135558,66.34951878221885,64.91185937987377
2024-06-30,5460.47998046875,5.13,50.0,162.510868608612,377.3855,0.0556349252877443,50.0,162.510868608612,89.51440183562714,80.24247625892804,10.074377529374596,89.6909339071057,80.79202217823212,42.861519568167886,65.52928854623926,65.74878627463619
2024-07-31,5522.2998046875,5.12,50.0,162.39180151705898,377.4725,-0.2198855802357859,50.0,162.39180151705898,89.35935926662995,79.30629821442903,12.917025594960988,86.85666866454619,79.05443468050608,24.069521046248568,61.92721791122014,64.60200841322609
2024-08-31,5648.39990234375,4.87,50.0,159.2174387189058,377.4725,-0.204042466403387,50.0,159.2174387189058,90.0068820521198,74.59874654774367,15.504309758627011,77.49755458341919,77.41855950702362,23.124509307029424,59.69176029266046,62.382755583373296
2024-09-30,5762.47998046875,4.68,50.0,158.62707395797716,377.4725,-0.0173582057870118,50.0,158.62707395797716,90.37586011472233,70.590267277376,17.864194884626354,74.1750021865631,75.96634251676508,33.18769345029296,60.35989340505765,60.65962386964609
2024-10-31,5705.4501953125,4.95,50.0,159.74078030918434,377.114,0.1367228412353802,50.0,159.74078030918434,88.72043785878364,74.73786940310923,20.02972936427332,76.71212608653562,74.29140105583708,43.23633606615962,62.95464997244976,61.002101223389296
2024-11-30,6032.3798828125,5.14,50.0,156.4826923515171,377.114,0.2756809332432295,50.0,156.4826923515171,91.36823824361898,77.09316145080113,22.031827707873724,63.15590742726265,73.28178370995991,53.25303396012908,63.36399208327425,62.22617848692723
2024-12-31,5881.6298828125,5.2,50.0,159.10606969269864,377.114,0.2061127424513009,50.0,159.10606969269864,88.66305415059126,77.27117394569657,23.89757107250639,72.28707850565357,72.69125973080473,46.42754696821116,63.53961406224395,63.286085372656
2025-01-31,6040.52978515625,5.46,50.0,163.66552946557348,407.9795,0.4526925834340685,50.0,163.66552946557348,89.51132715805726,80.22601412589093,25.650279868073355,83.56821532201465,93.80884315424353,70.14174176103212,73.81773689821864,66.90711434791228
2025-02-28,5954.5,5.32,50.0,163.312819388127,407.9795,0.5326319916435474,50.0,163.312819388127,87.62783226695903,77.44801211018904,27.310116680910685,80.48816317686722,90.8204850821744,76.48187903589944,73.3627480588333,70.24003300643197
2025-03-31,5611.85009765625,5.29,50.0,162.90069214138134,407.9795,0.6828548958853673,50.0,162.90069214138134,81.87225245858774,76.25586116323456,28.894807909131003,77.42833722428941,88.07092524068486,85.37263941778662,72.98247056895237,73.38765184200145
2025-04-30,5569.06005859375,5.45,,158.11679621023583,409.0305,1.1657405364012066,,158.11679621023583,80.50629365734522,77.95797438050589,,59.72035383498551,86.09695385334128,95.21880310406587,79.90007576604876,75.41509813127816
2025-05-31,5911.68994140625,5.54,,160.83787056491877,409.0305,0.7177780384916891,,160.83787056491877,85.78481913505956,78.53841322618766,,68.74615924362642,83.76992433482617,81.76961982766538,79.72178715347303,77.5347778294914
2025-06-30,6204.9501953125,5.46,,165.59356114163262,409.0305,0.955906365408532,,165.59356114163262,88.95873080814192,76.6696428514247,,81.9121120159462,81.6628403663288,88.5659120779635,83.55384762396103,81.05857018116096
2025-07-31,6339.39013671875,5.45,,167.74307224997403,409.345,0.7805913756268278,,167.74307224997403,89.59901023175905,75.93488830843283,,84.40485375271294,79.95947380796791,80.10372470625472,82.0003901614255,81.75867497961987
2025-08-31,6460.259765625,5.35,,165.54887449553624,409.345,1.2617309528429868,,165.54887449553624,89.89022015701023,73.71235622223375,,76.96119793643227,78.2052442977376,90.98417626265265,81.95063897521331,82.50162558686662
2025-09-30,6688.4599609375,5.21,,166.083840928209,409.345,1.18344963288814,,166.083840928209,91.1407712439869,70.6471386112503,,76.91914893849867,76.62447515785547,86.45131579935949,80.35656995019016,81.43586636227633
2025-10-31,6840.2001953125,5.13,,171.00362147378033,408.78675,1.1665297063716331,,171.00362147378033,91.52112966020123,68.55226568195611,,87.38103560953435,74.73201122060587,83.49346894407718,81.13598222327495,81.14773038289282
2025-11-30,6849.08984375,5.26,,171.84453958491562,408.78675,1.1447598044177625,,171.84453958491562,90.52965034254366,70.59415642060361,,87.35313405081652,73.558775659165,80.61593424848844,80.53033014432346,80.67429410592952
2025-12-31,6845.5,5.31,,183.28286445263169,408.78675,0.8706366796299498,,183.28286445263169,89.42297240052828,71.10260125012518,,95.50505200410299,72.6834097559008,68.56553542626799,79.45591416738506,80.37407551166116
2026-01-31,6939.02978515625,5.34,,193.2596340191712,408.7635,1.0502597264167626,,193.2596340191712,89.29800731885888,71.20635121939333,,96.12649019838437,71.07229300790519,74.42094329447418,80.4248170078032,80.13702043983726
2026-02-28,6878.8798828125,5.3,,197.2824248382263,,1.2651382151155977,,197.2824248382263,87.65684613093289,69.82483645899941,,94.61015946353942,,79.76892332228371,82.96519134393887,80.94864083970906
2026-03-31,6528.52001953125,5.48,,189.35254783434016,,1.3654764066157417,,189.35254783434016,82.2850275854708,72.98719101301359,,86.93484579077499,,80.59451907239948,80.70039586541472,81.36346807238561
2026-04-30,7209.009765625,5.42,,105.90485125532408,,1.2679748086243208,,105.90485125532408,89.18871563212535,71.17637722074757,,2.948490532468398,,75.68309926691255,59.74917066306346,74.47158595747236
2026-05-31,7580.06005859375,5.56,,,,1.4616683838732238,,,91.06973945839556,73.57614903919989,,,,79.84115629493085,81.49568159750876,73.98174937532899
2026-06-30,7499.35986328125,5.52,,,,1.4568207234205532,,,89.28041019756668,72.24869812947014,,,,77.87563109843205,79.80157980848962,73.68214402302063
2026-07-31,7489.72021484375,5.76,,,,1.1888347506009502,,,88.08279977590591,76.98646292719096,,,,66.70037499556274,77.2565458995532,79.5179357685172
2026-08-31,7686.14013671875,5.88,,,,0.7320433583518631,,,88.65964936318821,79.1789400592266,,,,41.179565156666456,69.6727181930271,75.57694796702332
2026-09-30,7651.5400390625,6.03,,,,1.0495244231283796,,,87.28534463765347,81.9747810993327,,,,57.42133256222832,75.56048609973816,74.16325006410615
2026-10-31,7818.93017578125,,,,,-0.4239502077098241,,,87.65575895812982,,,,,5.0357031122793865,46.34573103520461,63.85964510932329
