Date,SP500,NASDAQ,VIX,NVDA,BTC,SP500_ret_1m,SP500_mom_12m,SP500_vol_12m,SP500_drawdown,NASDAQ_ret_1m,NASDAQ_mom_12m,NASDAQ_vol_12m,NASDAQ_drawdown,VIX_ret_1m,VIX_mom_12m,VIX_vol_12m,VIX_drawdown,NVDA_ret_1m,NVDA_mom_12m,NVDA_vol_12m,NVDA_drawdown,BTC_ret_1m,BTC_mom_12m,BTC_vol_12m,BTC_drawdown,market_nasdaq_momentum_12m,market_nasdaq_momentum_12m_z,market_sp500_momentum_12m,market_sp500_momentum_12m_z,market_nvda_momentum_12m,market_nvda_momentum_12m_z,market_btc_momentum_12m,market_btc_momentum_12m_z,market_vix_level,market_vix_level_z,market_component_composite_z
2000-01-31,1394.4599609375,3940.35009765625,24.950000762939453,0.07062721997499466,,,,,0.0,,,,0.0,,,,0.0,,,,0.0,,,,,,,,,,,,,24.950000762939453,,
2000-02-29,1366.4200439453125,4696.68994140625,23.3700008392334,0.1219589114189148,,-0.020108083256356934,,,-0.020108083256356934,0.19194737142770046,,,0.0,-0.06332664831229085,,,-0.06332664831229085,0.7267975641982505,,,0.0,,,,,,,,,,,,,23.3700008392334,,
2000-03-31,1498.5799560546875,4572.830078125,24.110000610351562,0.16099439561367035,,0.09671982835364812,,,0.0,-0.026371735163800203,,,-0.026371735163800203,0.0316645162406608,,,-0.033667339755581116,0.3200707823692619,,,0.0,,,,,,,,,,,,,24.110000610351562,,
2000-04-30,1452.4300537109375,3860.659912109375,26.200000762939453,0.16983765363693237,,-0.030795755780191336,,,-0.030795755780191336,-0.1557394772708538,,,-0.17800409218551838,0.08668602653168556,,,0.0,0.054928980537202854,,,0.0,,,,,,,,,,,,,26.200000762939453,,
2000-05-31,1420.5999755859375,3400.909912109375,23.649999618530273,0.2174777239561081,,-0.021915050603417807,,,-0.052035915837315705,-0.11908585849738917,,,-0.2758921805489467,-0.09732828512036606,,,-0.09732828512036606,0.28050358268030173,,,0.0,,,,,,,,,,,,,23.649999618530273,,
2000-06-30,1454.5999755859375,3966.110107421875,19.540000915527344,0.2422512322664261,,0.023933549615877237,,,-0.02934777039493852,0.16619087535957133,,,-0.15555206817966571,-0.17378430314149595,,,-0.25419846005626245,0.11391285442787624,,,0.0,,,,,,,,,,,,,19.540000915527344,,
2000-07-31,1430.8299560546875,3766.989990234375,20.739999771118164,0.22867357730865479,,-0.016341275904170893,,0.04870781576559162,-0.04520946628591338,-0.050205393141981025,,0.14567629528975556,-0.1979479085846384,0.06141242576080175,,0.10196585735356016,-0.20839697835217608,-0.056047826179223326,,0.27670103007695707,-0.056047826179223326,,,,,,,,,,,,,20.739999771118164,,
2000-08-31,1517.6800537109375,4206.35009765625,16.84000015258789,0.30251583456993103,,0.06069910494167097,,0.049155769959594864,0.0,0.11663426464123394,,0.13996709061548804,-0.10440115269844397,-0.18804241376903408,,0.11146983565427444,-0.35725192128969374,0.32291556431815827,,0.2545277388444249,0.0,,,,,,,,,,,,,16.84000015258789,,
2000-09-30,1436.510009765625,3672.820068359375,20.56999969482422,0.31204429268836975,,-0.053482974719764265,,0.0512487889696512,-0.053482974719764265,-0.1268391876354168,,0.1392868077453145,-0.21799818293738915,0.2214964078645285,,0.14069033443405185,-0.21488553069353378,0.031497386349989887,,0.24819327970286706,0.0,,,,,,,,,,,,,20.56999969482422,,
2000-10-31,1429.4000244140625,3369.6298828125,23.6299991607666,0.2368316501379013,,-0.00494948542177065,,0.04804975443871553,-0.05816774693784643,-0.0825496974814528,,0.1331350455254222,-0.28255219636585394,0.1487603068225778,,0.14249500645155622,-0.09809166134865854,-0.24103194422331986,,0.2792159407614361,-0.24103194422331986,,,,,,,,,,,,,23.6299991607666,,
2000-11-30,1314.949951171875,2597.929931640625,29.649999618530273,0.15435463190078735,,-0.08006861010730892,,0.052486400268306616,-0.13357894639476842,-0.22901623561332107,,0.14342841305103285,-0.4468593916031913,0.25476092558474606,,0.1561540316057635,0.0,-0.34825167239720534,,0.3105309893773017,-0.5053438389436041,,,,,,,,,,,,,29.649999618530273,,
2000-12-31,1320.280029296875,2470.52001953125,26.850000381469727,0.12487683445215225,,0.004053445623728669,,0.04986177014291836,-0.13006695576672578,-0.04904285930025609,,0.13617086679596674,-0.473986988634054,-0.09443505136879127,,0.1526877672613793,-0.09443505136879127,-0.19097449221726104,,0.3092052507813405,-0.599810548123489,,,,,,,,,,,,,26.850000381469727,,
2001-01-31,1366.010009765625,2772.72998046875,22.020000457763672,0.1967543661594391,,0.03463657667616449,-0.020402128400121344,0.048821693906375224,-0.09993545317701069,0.12232645700027178,-0.29632395301169034,0.13736770370841742,-0.4096416806176142,-0.17988826275918546,-0.11743487837996314,0.15629182191495775,-0.2573355567936704,0.5755873939519776,1.78581496240542,0.32617069785802777,-0.3694665444308177,,,,,-0.29632395301169034,,-0.020402128400121344,,1.78581496240542,,,,22.020000457763672,,
2001-02-28,1239.93994140625,2151.830078125,28.350000381469727,0.17031417787075043,,-0.09229073539585964,-0.0925631200299668,0.055437540021548874,-0.18300307210704558,-0.22393089363818341,-0.5418411466436479,0.13132214830087002,-0.5418411466436479,0.2874659306137417,0.2130936826444585,0.17492958259178035,-0.04384483149362639,-0.13438171058050608,0.39648817695445704,0.2741070062739926,-0.45419870876844204,,,,,-0.5418411466436479,,-0.0925631200299668,,0.39648817695445704,,,,28.350000381469727,,
2001-03-31,1160.3299560546875,1840.260009765625,28.639999389648438,0.24743211269378662,,-0.06420471080339152,-0.22571368223188504,0.046977418728485314,-0.235458123589672,-0.14479306313575746,-0.5975665007609057,0.1334241142563362,-0.6081793704238805,0.01022924177342377,0.18788878741678383,0.1750193158071355,-0.03406408910206593,0.45279809225019507,0.5368989196837402,0.28785626944178727,-0.20706092535109932,,,,,-0.5975665007609057,,-0.22571368223188504,,0.5368989196837402,,,,28.639999389648438,,
2001-04-30,1249.4599609375,2116.239990234375,25.479999542236328,0.3174748122692108,,0.07681436165439459,-0.1397451755111042,0.054422717094890674,-0.1767303273951597,0.1499679279037851,-0.45184501136798905,0.1432766575186267,-0.5494188424963933,-0.11033519255430746,-0.02748096182201587,0.1782365475103178,-0.14064081382610993,0.2830784525616794,0.869284021951265,0.29410809538640315,0.0,,,,,-0.45184501136798905,,-0.1397451755111042,,0.869284021951265,,,,25.479999542236328,,
2001-05-31,1255.8199462890625,2110.489990234375,22.639999389648438,0.32627859711647034,,0.005090187401275648,-0.11599326490830764,0.05449283340505054,-0.1725397304798142,-0.0027170831411059693,-0.3794337266271872,0.14130234906499797,-0.5506431089631463,-0.11145997659380769,-0.042706141444944445,0.17906710232114137,-0.23642496860272522,0.02773065612460024,0.5002851380876172,0.2882803731496918,0.0,,,,,-0.3794337266271872,,-0.11599326490830764,,0.5002851380876172,,,,22.639999389648438,,
2001-06-30,1224.3800048828125,2160.5400390625,19.059999465942383,0.3534908592700958,,-0.02503538942756467,-0.15827029737876108,0.053642133783203934,-0.1932555205630896,0.023714895147437742,-0.45524960716057006,0.12879715480966922,-0.5399866574084288,-0.15812720937364155,-0.02456506791683566,0.17765360352494075,-0.35716695746496707,0.08340192214297049,0.45919117093005846,0.2879897250941572,0.0,,,,,-0.45524960716057006,,-0.15827029737876108,,0.45919117093005846,,,,19.059999465942383,,
2001-07-31,1211.22998046875,2027.1300048828125,21.6200008392334,0.3083277940750122,,-0.010740149595403703,-0.15347733995691115,0.05363405702153308,-0.20192007695750813,-0.06174846647950882,-0.4618700845667264,0.1289121868939269,-0.5683917758735713,0.1343127725614781,0.04243013875731538,0.18072356214773722,-0.27082626922795605,-0.1277630354808562,0.34833152873995243,0.2915023677136669,-0.1277630354808562,,,,,-0.4618700845667264,,-0.15347733995691115,,0.34833152873995243,,,,21.6200008392334,,
2001-08-31,1133.5799560546875,1805.4300537109375,24.920000076293945,0.3228485882282257,,-0.06410840688075747,-0.25308370938727975,0.05014599196402543,-0.25308370938727975,-0.10936641983388307,-0.5707846442175817,0.11976054813580848,-0.6155952221171389,0.15263640652002675,0.4798099673689349,0.17197896230939186,-0.15952781123410986,0.04709531359887964,0.06721219630437059,0.2796237087676959,-0.08668476210429232,,,,,-0.5707846442175817,,-0.25308370938727975,,0.06721219630437059,,,,24.920000076293945,,
2001-09-30,1040.93994140625,1498.800048828125,31.93000030517578,0.20938903093338013,,-0.08172340570563885,-0.2753688214284804,0.05232908103487688,-0.3141242524331739,-0.16983765405508544,-0.5919211883696689,0.12251565667857306,-0.6808816278003302,0.2813001688370922,0.5522606115161948,0.17826932802363968,0.0,-0.35143271933603626,-0.32897657210961606,0.30145968683117247,-0.4076536197690197,,,,,-0.5919211883696689,,-0.2753688214284804,,-0.32897657210961606,,,,31.93000030517578,,
2001-10-31,1059.780029296875,1690.199951171875,33.560001373291016,0.3266984820365906,,0.018099111333141016,-0.25858401343507853,0.05354913214029414,-0.30171051091726064,0.1277020924127945,-0.49840189873876284,0.13421416606963216,-0.6401295439430674,0.05104920302337157,0.42022863162058055,0.17562336480117097,0.0,0.560246401543995,0.3794544852698616,0.3291590880969619,-0.07579369177700201,,,,,-0.49840189873876284,,-0.25858401343507853,,0.3794544852698616,,,,33.560001373291016,,
2001-11-30,1139.449951171875,1930.5799560546875,23.84000015258789,0.4164904057979584,,0.0751759041240454,-0.13346515572215922,0.057212415214232724,-0.24921596723514794,0.1422198626358666,-0.2568775883668647,0.1312551427686348,-0.5889488171159438,-0.28963053703683284,-0.19595276697107689,0.1859911252134572,-0.28963053703683284,0.2748464676101894,1.6982695670944352,0.3049023212606454,0.0,,,,,-0.2568775883668647,,-0.13346515572215922,,1.6982695670944352,,,,23.84000015258789,,
2001-12-31,1148.0799560546875,1950.4000244140625,23.799999237060547,0.5099417567253113,,0.0075738340889277556,-0.13042693172742603,0.05730195642257705,-0.24352965353437084,0.01026638047143047,-0.2105305729179534,0.13102624513977018,-0.5847288092792245,-0.0016778907412465793,-0.11359408197677756,0.1837248737435452,-0.290822459381603,0.22437816004022593,3.0835576827558064,0.2889264175615958,0.0,,,,,-0.2105305729179534,,-0.13042693172742603,,3.0835576827558064,,,,23.799999237060547,-0.15342885255420555,-0.15342885255420555
2002-01-31,1130.199951171875,1934.030029296875,21.09000015258789,0.5010994672775269,,-0.015573832456979853,-0.17262688919403268,0.05554788623916795,-0.25531079596890005,-0.008393147514497934,-0.3024816542107309,0.12415610184849135,-0.5882142416414652,-0.11386551140105661,-0.042234345406105045,0.17858549464314805,-0.3715733227182604,-0.017339802695442885,1.5468276870230313,0.26064022591726804,-0.017339802695442885,,,,,-0.3024816542107309,,-0.17262688919403268,,1.5468276870230313,,,,21.09000015258789,-0.8020237320077486,-0.8020237320077486
2002-02-28,1106.72998046875,1731.489990234375,21.59000015258789,0.38882094621658325,,-0.020766211039727644,-0.1074325912805284,0.049969191125165506,-0.2707751691388167,-0.10472435070521335,-0.1953407437528194,0.11057826877606294,-0.6313382378152166,0.02370791827323182,-0.23844797664624873,0.1563058717054539,-0.3566746344125463,-0.22406433930363712,1.282962881173963,0.2694291352087316,-0.23751891056447016,,,,,-0.1953407437528194,,-0.1074325912805284,,1.282962881173963,,,,21.59000015258789,-0.6577884459472038,-0.6577884459472038
2002-03-31,1147.3900146484375,1845.3499755859375,17.399999618530273,0.33813223242759705,,0.03673889286207466,-0.011151949786979531,0.04816332541366375,-0.24398425620544306,0.06575838497117181,0.0027658949242508335,0.10416389549931433,-0.607095635733319,-0.19407135268386655,-0.39245810093071154,0.16468640693114675,-0.48152565832794647,-0.13036518295172117,0.3665656763237428,0.2526188909165568,-0.3369198972859607,,,,,0.0027658949242508335,,-0.011151949786979531,,0.3665656763237428,,,,17.399999618530273,-1.6025152890646956,-1.6025152890646956
2002-04-30,1076.9200439453125,1688.22998046875,21.90999984741211,0.26533716917037964,,-0.061417625919219065,-0.13809159347749456,0.04454996768806522,-0.2904169483468574,-0.08514373815042786,-0.20225022291456773,0.09627914194814635,-0.6405489820426017,0.2591954211354621,-0.14010988064997776,0.18157652702182475,-0.34713948299032693,-0.2152857854886837,-0.16422607742065454,0.25252732146676177,-0.4796716180406697,,,,,-0.20225022291456773,,-0.13809159347749456,,-0.16422607742065454,,,,21.90999984741211,-0.4844950888782061,-0.4844950888782061
2002-05-31,1067.1400146484375,1615.72998046875,19.979999542236328,0.2550469636917114,,-0.009081481352177012,-0.15024441377776543,0.04426025860950748,-0.2968610135982662,-0.04294438603671158,-0.2344289771830098,0.09653704038635506,-0.6559853853190531,-0.08808764576069783,-0.1174911625054339,0.18036099779781292,-0.40464842894382114,-0.03878162079908454,-0.21831537236667609,0.25289519137700384,-0.4998507960408177,,,,,-0.2344289771830098,,-0.15024441377776543,,-0.21831537236667609,,,,19.979999542236328,-0.933562114294188,-0.933562114294188
2002-06-30,989.8200073242188,1463.2099609375,25.399999618530273,0.13095398247241974,,-0.0724553538081798,-0.19157450842317858,0.04747440369019403,-0.34780719763432877,-0.09439697311737782,-0.32275730396905067,0.0979407051438814,-0.6884593236530756,0.27127128130490896,0.33263380536377274,0.1875654600966332,-0.24314664543652087,-0.4865495335568446,-0.629540682486615,0.288300371667445,-0.743198157935985,,,,,-0.32275730396905067,,-0.19157450842317858,,-0.629540682486615,,,,25.399999618530273,0.4106963711174745,0.4106963711174745
2002-07-31,911.6199951171875,1328.260009765625,32.029998779296875,0.08438050746917725,,-0.07900427514940767,-0.24736011342421726,0.050698855897912586,-0.3993332172428895,-0.09222869907570241,-0.344758349703175,0.09929411537873656,-0.7171923149417169,0.26102359292674016,0.48149849842617276,0.1966717865596444,-0.045590063509705514,-0.3556476414381009,-0.7263285727375958,0.3017676883564778,-0.8345291273830117,,,,,-0.344758349703175,,-0.24736011342421726,,-0.7263285727375958,,,,32.029998779296875,1.9211219845053178,1.9211219845053178
2002-08-31,916.0700073242188,1314.8499755859375,32.63999938964844,0.07698708772659302,,0.004881433306494376,-0.1918787885836395,0.04941127282755784,-0.3964011024034342,-0.0100959406148603,-0.271724776662849,0.09617525224318196,-0.7200475245354914,0.01904466542614558,0.3097913037608062,0.19416502159573945,-0.027413645589858926,-0.08761999618555172,-0.7615381001072556,0.2999456963933668,-0.849027684610532,,,,,-0.271724776662849,,-0.1918787885836395,,-0.7615381001072556,,,,32.63999938964844,1.908828661687824,1.908828661687824
2002-09-30,815.280029296875,1172.06005859375,39.689998626708984,0.06524787098169327,,-0.11002431825242787,-0.216784756865532,0.053329406346646624,-0.4628116596094133,-0.10859787781382124,-0.21800105390298397,0.08896112331577197,-0.7504497692596629,0.21599262772340633,0.24303157680444265,0.18758870877885955,0.0,-0.1524829304699724,-0.6883892595001658,0.288285652028606,-0.8720483856809551,,,,,-0.21800105390298397,,-0.216784756865532,,-0.6883892595001658,,,,39.689998626708984,2.9469513874197464,2.9469513874197464
2002-10-31,885.760009765625,1329.75,31.139999389648438,0.09070748835802078,,0.08644880033371405,-0.16420390526391204,0.06076305162285328,-0.41637237202938826,0.13454083709280917,-0.21325876321435366,0.08998637702456916,-0.7168750723191544,-0.21541948936493316,-0.07210971050700121,0.20076022856678066,-0.21541948936493316,0.3901984385585664,-0.7223510565688473,0.25792526006800665,-0.8221218655626158,,,,,-0.21325876321435366,,-0.16420390526391204,,-0.7223510565688473,,,,31.139999389648438,1.2104875224786829,1.2104875224786829
2002-11-30,936.3099975585938,1478.780029296875,27.5,0.1305726319551468,,0.05706962070498589,-0.17827896118154252,0.058555750752555445,-0.383064964668155,0.11207372009541272,-0.23402290350154986,0.08547083941433456,-0.6851442084222172,-0.11689144062277812,0.15352348254976023,0.18250692193099013,-0.307130235537621,0.4394912076032689,-0.6864930616949476,0.2811662303641046,-0.7439459894525132,,,,,-0.23402290350154986,,-0.17827896118154252,,-0.6864930616949476,,,,27.5,0.4881608189306695,0.4881608189306695
2002-12-31,879.8200073242188,1335.510009765625,28.6200008392334,0.08773469924926758,,-0.06033257188502883,-0.23365963957103564,0.0594882762868578,-0.4202862420357063,-0.09688392911241273,-0.31526353924916617,0.08774135600106313,-0.7156486746140718,0.04072730324485074,0.20252108221362075,0.18231825554855946,-0.27891151853117335,-0.3280774237636148,-0.8279515295772741,0.2765419961550643,-0.8279515295772741,,,,,-0.31526353924916617,0.16342227621674196,-0.23365963957103564,-1.0030601735515654,-0.8279515295772741,-1.1397808039360382,,,28.6200008392334,0.6955860851387167,-0.3209581540330363
2003-01-31,855.7000122070312,1320.9100341796875,31.170000076293945,0.07866367697715759,,-0.02741469268304464,-0.2428773233269227,0.05950108286564035,-0.4361789165544303,-0.010932134899160895,-0.317016791792054,0.08769391384423077,-0.7187572416619459,0.08909850322453194,0.4779516287708119,0.17707548832260647,-0.21466361413985013,-0.10339150130711494,-0.843017839542841,0.2753012194717528,-0.8457398792318725,,,,,-0.317016791792054,0.1489083753443164,-0.2428773233269227,-1.0867626682683738,-0.843017839542841,-1.1021934808636809,,,31.170000076293945,1.165690503258274,-0.21858931763236605
2003-02-28,841.1500244140625,1337.52001953125,29.6299991607666,0.09619565308094025,,-0.01700360825687175,-0.23996815911881453,0.05951394785024301,-0.4457659093843037,0.012574653020845261,-0.2275323408885529,0.08483038134625878,-0.7152207115612195,-0.04940650984144779,0.3723945785713667,0.1791998944413259,-0.2534643440166966,0.2228725731810579,-0.7525965254264959,0.2880661264693308,-0.8113595291770592,,,,,-0.2275323408885529,0.7262610484993463,-0.23996815911881453,-1.0033121531430476,-0.7525965254264959,-0.9738983955768662,,,29.6299991607666,0.8404021335432004,-0.10263684166934178
2003-03-31,848.1799926757812,1341.1700439453125,29.149999618530273,0.09817682951688766,,0.008357567684332823,-0.26077446914538016,0.05754356991693885,-0.44113386045901837,0.002728949369551703,-0.27321642957213965,0.08103780963967765,-0.7144435633015731,-0.01619978251203935,0.6752873711265339,0.16475911727646078,-0.26555805928110876,0.020595280269893657,-0.7096495982887112,0.28850860615862,-0.8074744258102161,,,,,-0.27321642957213965,0.4085210512301323,-0.26077446914538016,-1.2419487553582444,-0.7096495982887112,-0.8996794474471449,,,29.149999618530273,0.7300434062138085,-0.25076593634036215
2003-04-30,916.9199829101562,1464.31005859375,21.209999084472656,0.10923002660274506,,0.0810441071800323,-0.1485719036754053,0.06337212388311715,-0.3958410531467682,0.09181536316319527,-0.1326359112594523,0.08477084757677997,-0.688225095362519,-0.27238424143958695,-0.03194891683315704,0.17618550961452872,-0.4656084701852421,0.1125845796839069,-0.5883349967730842,0.2877718820078586,-0.7857990149616564,,,,,-0.1326359112594523,1.3057610610492267,-0.1485719036754053,0.3607714375951658,-0.5883349967730842,-0.7570311660210347,,,21.209999084472656,-0.8439400495069603,0.016390320779099382
2003-05-31,963.5900268554688,1595.9100341796875,19.469999313354492,0.19947922229766846,,0.050898709609522585,-0.09703505291860193,0.06589204949278368,-0.3650901423528905,0.0898716599080931,-0.012266867935019965,0.08845917915073877,-0.6602053671650611,-0.08203676785596736,-0.025525537565890932,0.17588277941820382,-0.5094482240608507,0.8262306483101722,-0.21787258546316435,0.37930807261083477,-0.6088195962247482,,,,,-0.012266867935019965,1.93525619591764,-0.09703505291860193,1.0704005703967356,-0.21787258546316435,-0.37822089252019986,,,19.469999313354492,-1.159393809090436,0.36701051617593494
2003-06-30,974.5,1622.800048828125,19.520000457763672,0.17463067173957825,,0.011322214676852127,-0.01547756886187146,0.06262116836341979,-0.35790155664416046,0.01684932989487664,0.10906848104585976,0.08304005109662957,-0.6544800552999167,0.0025681122841583193,-0.2314960334281626,0.15584653428038603,-0.5081884320190456,-0.12456711166143664,0.33352700271148517,0.34646673288303476,-0.6575478092615858,,,,,0.10906848104585976,2.382340818475608,-0.01547756886187146,2.0467470122423737,0.33352700271148517,0.18005987024190176,,,19.520000457763672,-1.118070055489258,0.8727694113676563
2003-07-31,990.3099975585938,1735.02001953125,19.489999771118164,0.14551222324371338,,0.016223701958536507,0.08631886406933265,0.05744742197113198,-0.34748434287111507,0.06915206268582663,0.3062352301319369,0.0775453000247365,-0.6305866384248131,-0.001536920386370988,-0.39150794524176347,0.1306879093527783,-0.5089443072441286,-0.1667430366372774,0.72447674952496,0.32914396269186247,-0.7146493274483972,,,,,0.3062352301319369,2.9194381707224966,0.08631886406933265,2.8642024381587468,0.72447674952496,0.5724305006127823,,,19.489999771118164,-1.0948700746336488,1.3153002587150942
2003-08-31,1008.010009765625,1810.449951171875,18.6299991607666,0.13850022852420807,,0.017873203593487874,0.10036351120146048,0.057496333585395444,-0.335821797683312,0.04347496328082934,0.37692511296970044,0.0768639920929497,-0.6145264060948842,-0.044125224240688765,-0.4292279562151283,0.12970449720156574,-0.5306122498016482,-0.04818835533672772,0.799005945205628,0.3274299302062708,-0.7283999070528882,,,,,0.37692511296970044,2.7768767400658807,0.10036351120146048,2.6200717523046917,0.799005945205628,0.6362360327861755,,,18.6299991607666,-1.2292096048965813,1.2009937300650417
2003-09-30,995.969970703125,1786.93994140625,22.719999313354492,0.12173022329807281,,-0.011944364585525724,0.22162929903003148,0.04444476276589708,-0.3437549842815416,-0.01298572752613647,0.5246146546024606,0.06530940571438736,-0.6195320611538566,0.21953839703874634,-0.42756361553347855,0.13033689628355535,-0.42756361553347855,-0.12108287043875943,0.8656581658001825,0.32542911442076616,-0.7612860259183583,,,,,0.5246146546024606,2.883240776671937,0.22162929903003148,3.1587981968077927,0.8656581658001825,0.6908836032442222,,,22.719999313354492,-0.4149802077533474,1.579485592242651
2003-10-31,1050.7099609375,1932.2099609375,16.100000381469727,0.13476459681987762,,0.05496148663571665,0.1862242022142333,0.04079756571523477,-0.30768678262037585,0.08129541243391114,0.45306257637713854,0.059698935618939554,-0.5886017631474794,-0.2913732012304078,-0.4829800675326381,0.14117367012635285,-0.5943562373762494,0.10707590250523391,0.4857053067985331,0.31193263208725514,-0.7357255117029554,,,,,0.45306257637713854,2.343595114108743,0.1862242022142333,2.514673749400324,0.4857053067985331,0.281416577870796,,,16.100000381469727,-1.6631732853060244,0.8691280390184597
2003-11-30,1058.199951171875,1960.260009765625,16.31999969482422,0.16182497143745422,,0.0071285040713728876,0.1301811941890041,0.03861453331771366,-0.3027516250316199,0.01451708116364081,0.3255926986636968,0.054396511723444674,-0.5826294615525125,0.013664553300737792,-0.40654546564275573,0.140029739447206,-0.5888132965607653,0.20079735521150788,0.2393483152966005,0.29326231327657426,-0.6826598934030343,,,,,0.3255926986636968,1.7789676224318725,0.1301811941890041,1.9208773899280738,0.2393483152966005,0.014858996952436575,,,16.31999969482422,-1.5593308247405209,0.5388432961429654
2003-12-31,1111.9200439453125,2003.3699951171875,18.309999465942383,0.17684052884578705,,0.05076554077889206,0.2638039993281984,0.032867089456563796,-0.2673554342191463,0.021991973073366422,0.5000786070250185,0.03872424803775797,-0.573450659909359,0.12193626276532843,-0.36023763350690297,0.14574267267002605,-0.5386747266445897,0.09278887723540485,1.0156281421032323,0.26803851910645804,-0.6532142612101381,,,,,0.5000786070250185,2.168875075024662,0.2638039993281984,2.5983445999351438,1.0156281421032323,0.8459351747672211,,,18.309999465942383,-1.147999733976138,1.1162887789377223
2004-01-31,1131.1300048828125,2066.14990234375,16.6299991607666,0.16959986090660095,,0.017276386950755285,0.3218768128393372,0.02932427837826555,-0.25469798320334824,0.03133715059104203,0.5641866962021165,0.03598928462604472,-0.5600838190044289,-0.09175315970383702,-0.46647420211543744,0.14207966334820687,-0.5810027781261848,-0.0409446182187132,1.1560123734852805,0.2646348327897487,-0.6674132708885835,,,,,0.5641866962021165,2.177304397052811,0.3218768128393372,2.648661027130641,1.1560123734852805,0.9738965418702588,,,16.6299991607666,-1.4232329049983272,1.0941572652638458
2004-02-29,1144.93994140625,2029.8199462890625,14.550000190734863,0.16959986090660095,,0.01220897373761054,0.36116020706746665,0.026715679766343457,-0.2455986104536898,-0.01758340767699207,0.5175996745083766,0.0389032343431746,-0.5678190445585795,-0.12507510974136782,-0.5089436178587317,0.14415427069321052,-0.6334089016333806,0.0,0.7630719837610278,0.26228121450599357,-0.6674132708885835,,,,,0.5175996745083766,1.907017831906177,0.36116020706746665,2.5809188038585096,0.7630719837610278,0.5317897529109393,,,14.550000190734863,-1.741332449451465,0.8195984848060403
2004-03-31,1126.2099609375,1994.219970703125,16.739999771118164,0.2012327015399933,,-0.01635891961786684,0.32779595211224977,0.029076814516872017,-0.2579398021448849,-0.01753848938720981,0.4869255242510033,0.04087099931107522,-0.575398845658943,0.15051543310479443,-0.42572898832983985,0.15503949183228719,-0.5782312836903665,0.18651454349253638,1.0496964765538563,0.26372051808031144,-0.6053810089366918,,,,,0.4869255242510033,1.7222506544231915,0.32779595211224977,2.199194221333794,1.0496964765538563,0.8321802373092485,,,16.739999771118164,-1.3000354049968692,0.8633974270173412
2004-04-30,1107.300048828125,1920.1500244140625,17.190000534057617,0.15641263127326965,,-0.016790751960348183,0.20762996713599047,0.025168020613112897,-0.2703995508667171,-0.037142314978897195,0.3113001670275204,0.04133874569041804,-0.5911695154738819,0.026881766373488825,-0.18953317887495746,0.13599129194080303,-0.5668933955948847,-0.22272756825170403,0.4319563597848548,0.27795503804912897,-0.6932735372021633,,,,,0.3113001670275204,1.1917912817673504,0.20762996713599047,1.4812016971644877,0.4319563597848548,0.1402673244336792,,,17.190000534057617,-1.1886699497764062,0.40614758839727777
2004-05-31,1120.6800537109375,1986.739990234375,15.5,0.17874675989151,,0.01208345009735412,0.16302579154758212,0.02266296850978501,-0.2615834602486078,0.03467956408282857,0.2448947294548327,0.03602417436046288,-0.5769914524867445,-0.09831300067206572,-0.20390341311576043,0.1368708267451609,-0.609473405484841,0.1427898017981697,-0.10393294182399049,0.14370294525951663,-0.6494761263730067,,,,,0.2448947294548327,0.9822851228802808,0.16302579154758212,1.2044388690883683,-0.10393294182399049,-0.4592732719373711,,,15.5,-1.4528712641940382,0.06864486395930997
2004-06-30,1140.8399658203125,2047.7900390625,14.34000015258789,0.15603123605251312,,0.017988998771432563,0.17069262782997696,0.022702567776613104,-0.24830008602221454,0.030728756217829556,0.2618868483158314,0.036171218532639396,-0.5639929259521514,-0.07483869983303937,-0.2653688618698543,0.13805611848788107,-0.63869990806858,-0.12708215719705374,-0.10650726760532614,0.14390359089484275,-0.6940214563825924,,,,,0.2618868483158314,1.0047100557598407,0.17069262782997696,1.2080474230083655,-0.10650726760532614,-0.4556291874852917,,,14.34000015258789,-1.6061144134942988,0.03775346944715391
2004-07-31,1101.719970703125,1887.3599853515625,15.319999694824219,0.1175381988286972,,-0.034290519520026264,0.11250009938220318,0.026506315079865957,-0.27407626659567186,-0.07834301888897954,0.08780300175525935,0.04251397932451281,-0.5981510363900108,0.06834027418468835,-0.2139558812347132,0.1401883406802096,-0.6140085607230337,-0.24670084143190973,-0.1922451859467741,0.15384720520608894,-0.7695066205531171,,,,,0.08780300175525935,0.5120506294268834,0.11250009938220318,0.8815311129208079,-0.1922451859467741,-0.5462433315109564,,,15.319999694824219,-1.3926535115235679,-0.13632877517170824
2004-08-31,1104.239990234375,1838.0999755859375,15.289999961853027,0.09497544169425964,,0.0022873503233691306,0.09546530246373708,0.026426662066481418,-0.2724158247093281,-0.026099954512095458,0.015272459973922459,0.041957321047062374,-0.6086392760609642,-0.001958207152009672,-0.17928069508169198,0.13979361007717475,-0.6147644119200404,-0.1919610591219032,-0.3142578701401987,0.16273895410593134,-0.8137523737923275,,,,,0.015272459973922459,0.30437432296275385,0.09546530246373708,0.77674524743323,-0.3142578701401987,-0.6768336543238437,,,15.289999961853027,-1.3616475683350633,-0.23934041306573076
2004-09-30,1114.5799560546875,1896.8399658203125,13.34000015258789,0.11067798733711243,,0.009363875526838816,0.11908992122305384,0.025674053979073182,-0.2656028170566086,0.0319569071402932,0.06150180085379686,0.04249351759662136,-0.5961325977476866,-0.12753432401113052,-0.4128520882152127,0.12366594373406108,-0.6638951722308484,0.165332694038967,-0.09079286689467003,0.16724740812061853,-0.7829595519930505,,,,,0.06150180085379686,0.43004454671438996,0.11908992122305384,0.8845619830167689,-0.09079286689467003,-0.40980308500003243,,,13.34000015258789,-1.645879194595941,-0.18526893746620365
2004-10-31,1130.199951171875,1974.989990234375,16.270000457763672,0.11029655486345291,,0.014014243690939843,0.07565359917540881,0.02149534041270959,-0.25531079596890005,0.041200114834287316,0.022140466182111185,0.03727497951005494,-0.5794932143970659,0.21964020027446374,0.010559010699751736,0.11536063866671811,-0.5900730405464176,-0.0034463264361477286,-0.18156134870590657,0.1641592732161421,-0.7837075442267302,,,,,0.022140466182111185,0.3134156542959168,0.07565359917540881,0.6426703623768658,-0.18156134870590657,-0.5100797901995711,,,16.270000457763672,-1.1192514284092443,-0.1683113004840082
2004-11-30,1173.8199462890625,2096.81005859375,13.239999771118164,0.14581775665283203,,0.03859493629597055,0.10926100968833663,0.023436387532661827,-0.2265695635790228,0.06168135988624357,0.06965915141249623,0.04096410811076687,-0.5535557840196839,-0.18623236640412388,-0.18872548905027597,0.12801640114367954,-0.6664147082583056,0.32205177970748355,-0.098916839857494,0.1807825431264218,-0.7140501739076464,,,,,0.06965915141249623,0.44538366843624355,0.10926100968833663,0.8087039025002801,-0.098916839857494,-0.40650332486192453,,,13.239999771118164,-1.5892424871634407,-0.18541456027221043
2004-12-31,1211.9200439453125,2175.43994140625,13.289999961853027,0.17958463728427887,,0.03245821284320516,0.08993452410946756,0.020926910019164822,-0.20146539385425766,0.037499764220529475,0.08589024828586256,0.041737825683914515,-0.536814231182803,0.003776449516557756,-0.2741671027040079,0.12132638592525775,-0.665154940244577,0.23156905857384835,0.015517418186895338,0.19096476471200127,-0.6478330418800844,,,,,0.08589024828586256,0.4865171471049547,0.08993452410946756,0.6936005704517236,0.015517418186895338,-0.2658697169005774,,,13.289999961853027,-1.5355846717759598,-0.15533416777996473
2005-01-31,1181.27001953125,2062.409912109375,12.819999694824219,0.17470650374889374,,-0.025290467442294018,0.04432736682078575,0.022638818553755918,-0.22166070731253174,-0.051957320055367795,-0.001810125310914068,0.04429682598101035,-0.5608801224183296,-0.035364956236107914,-0.22910400831113154,0.11935858568453267,-0.6769967211287045,-0.02716342338160671,0.03010994711313497,0.1906195124735978,-0.6573991020645082,,,,,-0.001810125310914068,0.22567298199028618,0.04432736682078575,0.4408832840421134,0.03010994711313497,-0.2454882453788121,,,12.819999694824219,-1.5496146812642944,-0.2821366651526767
2005-02-28,1203.5999755859375,2051.719970703125,12.079999923706055,0.22097454965114594,,0.018903346132113308,0.05123415828051159,0.022943796912335366,-0.2069474902546362,-0.0051832282920502015,0.010789146325071997,0.043973548847302146,-0.5631561809914125,-0.05772229241291804,-0.16975946629895255,0.11522454257251903,-0.6956412108420447,0.2648329908127143,0.3029170452730332,0.20312781565737378,-0.5666670816091305,,,,,0.010789146325071997,0.2603977152584202,0.05123415828051159,0.4728393236626038,0.3029170452730332,0.08842283529033794,,,12.079999923706055,-1.6037791198415141,-0.19552981140753806
2005-03-31,1180.5899658203125,1999.22998046875,14.020000457763672,0.1811094731092453,,-0.01911765556028966,0.048285849680768766,0.02318342754063279,-0.2221087949771713,-0.025583408546921094,0.0025122653665226036,0.044354691716572914,-0.5743321348843065,0.16059607171441437,-0.16248502691423916,0.11652581221576191,-0.6467623849115214,-0.1804057372436596,-0.09999979266167469,0.20684199110155174,-0.6448428262233818,,,,,0.0025122653665226036,0.23312213942620558,0.048285849680768766,0.45123799445342455,-0.09999979266167469,-0.40647693751573916,,,14.020000457763672,-1.2497449676117949,-0.24296544281197596
2005-04-30,1156.8499755859375,1921.6500244140625,15.3100004196167,0.16716034710407257,,-0.020108582083263493,0.04474841919338135,0.023474269823021324,-0.2377510841252216,-0.03880491829984345,0.0007811889596791577,0.044487473905600615,-0.5908501416129898,0.09201140654304907,-0.10936591367267123,0.11979756124878162,-0.6142604951033184,-0.07702041072560906,0.06871386117164358,0.1958869711598536,-0.6721971776198035,,,,,0.0007811889596791577,0.22559711643353728,0.04474841919338135,0.4267135491920256,0.06871386117164358,-0.19360572634120785,,,15.3100004196167,-1.011803976573596,-0.13827475932231026
2005-05-31,1191.5,2068.219970703125,13.289999961853027,0.20656810700893402,,0.02995204663120865,0.06319372425212211,0.024580717078268127,-0.21492016905235212,0.07627296564251007,0.041011899327167534,0.04876622323410126,-0.5596430685215994,-0.13193993483993938,-0.14258064762238531,0.12258716981332349,-0.665154940244577,0.23574825362336993,0.15564672128496282,0.20278302576444857,-0.5949182347108605,,,,,0.041011899327167534,0.34515757661231683,0.06319372425212211,0.5237068557926976,0.15564672128496282,-0.08308585066074484,,,13.289999961853027,-1.2851513091161826,-0.12484318184297824
2005-06-30,1191.3299560546875,2056.9599609375,12.039999961853027,0.2036721408367157,,-0.00014271417986777557,0.044256856129746946,0.02429185565911053,-0.21503221107655657,-0.005444299893205717,0.004477959995937031,0.04810753136749887,-0.5620405037166197,-0.09405568123310304,-0.16039052763327832,0.12368967622359957,-0.6966490204474124,-0.014019425428984933,0.3053292788641935,0.19735056691565817,-0.6005972483119731,,,,,0.004477959995937031,0.2300755366052578,0.044256856129746946,0.41239227153681873,0.3053292788641935,0.10669321179121401,,,12.039999961853027,-1.435045560902794,-0.17147113524237584
2005-07-31,1234.1800537109375,2184.830078125,11.569999694824219,0.20626354217529297,,0.03596828690361842,0.12023026406907711,0.022666751300199725,-0.18679826443445924,0.062164611667609115,0.1576117407819404,0.04383504258373681,-0.5348149217040217,-0.03903656715265247,-0.24477807276111874,0.12156724812677533,-0.7084908013315399,0.012723396179425528,0.7548639015296301,0.17617374279824022,-0.5955154888670937,,,,,0.1576117407819404,0.6977870306537137,0.12023026406907711,0.8313575806502367,0.7548639015296301,0.6759819516659245,,,11.569999694824219,-1.4562663004784921,0.18721506562284573
2005-08-31,1220.3299560546875,2152.090087890625,12.600000381469727,0.23385705053806305,,-0.011222104598600069,0.10513110089019007,0.02339437248376892,-0.19592409937073885,-0.01498514258027428,0.1708231959497175,0.043040713687369773,-0.5417857864285031,0.08902339790953273,-0.17593195468244427,0.1253343698742375,-0.6825396619441886,0.13377792348450868,1.4622896863263284,0.15769226938526712,-0.5414043908860868,,,,,0.1708231959497175,0.7290374730095119,0.10513110089019007,0.7349950937578246,1.4622896863263284,1.5416361021135123,,,12.600000381469727,-1.2778274961580016,0.43196029318071183
2005-09-30,1228.81005859375,2151.68994140625,11.920000076293945,0.26129791140556335,,0.00694902431673361,0.10248713151401567,0.023397725915039642,-0.19033655638476665,-0.00018593389125598492,0.13435502213056982,0.04282586908611997,-0.5418709839802611,-0.0539682765546442,-0.10644678111330252,0.12071840636659316,-0.6996724492635154,0.11734031881597673,1.3608841983156048,0.1561723336692225,-0.4875926359050532,,,,,0.13435502213056982,0.6069938746182946,0.10248713151401567,0.7103474054379584,1.3608841983156048,1.37573755935375,,,11.920000076293945,-1.3363859339191713,0.33917322637270786
2005-10-31,1207.010009765625,2120.300048828125,15.319999694824219,0.255732923746109,,-0.01774077993231349,0.06796147753687976,0.024477480291038935,-0.2047006173571836,-0.01458848320758055,0.07357508610790764,0.042320669595872724,-0.5485543914373705,0.28523486550071975,-0.05838971949666627,0.13260487314111025,-0.6140085607230337,-0.021297482362256148,1.3185939403339142,0.15716976557915027,-0.49850562270415544,,,,,0.07357508610790764,0.4106230138326928,0.06796147753687976,0.5062714518365938,1.3185939403339142,1.2913276918950698,,,15.319999694824219,-0.8157091212330868,0.3481282590828174
2005-11-30,1249.47998046875,2232.820068359375,12.0600004196167,0.27555161714553833,,0.035186096519093324,0.06445625193103988,0.02407839221608869,-0.1767171365179382,0.05306797007029229,0.06486520283904107,0.04136641548991632,-0.5245970893938041,-0.21279369061011755,-0.0891238196299311,0.13621758364294018,-0.6961451036306904,0.07749762177319508,0.8896986448747883,0.13807554827439775,-0.45964100113109807,,,,,0.06486520283904107,0.3791928310508921,0.06445625193103988,0.48093699140462154,0.8896986448747883,0.742198037849659,,,12.0600004196167,-1.2477426610107705,0.08864629982360056
2005-12-31,1248.2900390625,2205.320068359375,12.069999694824219,0.2786770761013031,,-0.0009523493171964548,0.030010226581274946,0.022559378169402875,-0.1775011893908348,-0.012316263361161206,0.013735211156328253,0.04040892572238579,-0.5304522768434925,0.0008291272686238305,-0.09179836497596983,0.13621375675950653,-0.6958931692504058,0.011342553486499707,0.5517868360875595,0.12786215494219488,-0.4535119502845161,,,,,0.013735211156328253,0.2132283845740091,0.030010226581274946,0.2777082857656597,0.5517868360875595,0.31286222913437317,,,12.069999694824219,-1.2037465064107757,-0.09998690173418345
2006-01-31,1280.0799560546875,2305.820068359375,12.949999809265137,0.34270569682121277,,0.025466771341108085,0.08364720587986074,0.021571199764338165,-0.15655480025271795,0.045571616311806284,0.11802220054356072,0.0383538763614213,-0.5090542281637219,0.07290804777884752,0.01014041478436245,0.13722353209971966,-0.6737213339042405,0.229759195179134,0.9616081225790245,0.1360307928769257,-0.327951295806872,,,,,0.11802220054356072,0.5299302927767012,0.08364720587986074,0.580877970557651,0.9616081225790245,0.8730307228169244,,,12.949999809265137,-1.045075373574627,0.2346909031441624
2006-02-28,1280.6600341796875,2281.389892578125,12.34000015258789,0.3592461943626404,,0.0004531577283561905,0.06402464286877008,0.021295853262092074,-0.1561725865420075,-0.01059500527230317,0.1119401892824059,0.038579773633749787,-0.5142558012047422,-0.047104221286614956,0.021523197891053503,0.13678591014950137,-0.6890904363931166,0.048264437080707934,0.6257356104120808,0.1207392110197304,-0.29551524340817137,,,,,0.1119401892824059,0.48484049787493005,0.06402464286877008,0.4506720213637587,0.6257356104120808,0.4294856939766292,,,12.34000015258789,-1.0957507871646917,0.06731185651265659
2006-03-31,1294.8699951171875,2339.7900390625,11.390000343322754,0.4364619553089142,,0.011095810408889628,0.09679908571598728,0.01987335037119096,-0.14680963754445386,0.025598494441640085,0.1703456140218047,0.0371453060640503,-0.5018214810318229,-0.07698539688153139,-0.18758916038298257,0.1300577733017896,-0.7130259325416562,0.21493828510352575,1.409934432560798,0.10582268357909576,-0.14409449794474904,,,,,0.1703456140218047,0.6535687300605169,0.09679908571598728,0.6174500994681806,1.409934432560798,1.408120437237945,,,11.390000343322754,-1.1922206240628415,0.3717296606759503
2006-04-30,1310.6099853515625,2322.570068359375,11.59000015258789,0.44545602798461914,,0.01215565291784415,0.13291266197913565,0.017814114157184122,-0.1364385516255946,-0.007359622195000304,0.2086332260566326,0.03407844890089364,-0.5054878867170935,0.017559245235877707,-0.24297845624239,0.12649386914953384,-0.7079868845148178,0.02060677354877183,1.6648426836974806,0.09587558418406925,-0.1264570470847487,,,,,0.2086332260566326,0.7569218622756259,0.13291266197913565,0.8040081771866284,1.6648426836974806,1.6826089743201649,,,11.59000015258789,-1.1245565759344913,0.5297456094619819
2006-05-31,1270.0899658203125,2178.8798828125,16.440000534057617,0.35032781958580017,,-0.030916916538203165,0.0659588466809169,0.020295216346173314,-0.16313720885059602,-0.06186688940169427,0.05350490454444001,0.03533565462159902,-0.5360818129373652,0.418464220674474,0.23702035976269364,0.17213264032186398,-0.5857898437165859,-0.21355241016539483,0.6959434089728507,0.11839648985462864,-0.31300425006279653,,,,,0.05350490454444001,0.1990214797262386,0.0659588466809169,0.39100696137612256,0.6959434089728507,0.46227947730654645,,,16.440000534057617,-0.4162163540096734,0.15902289109980858
2006-06-30,1270.199951171875,2172.090087890625,13.079999923706055,0.3245637118816376,,8.659650459597046e-05,0.06620331732308671,0.020289501855494364,-0.163064739458056,-0.003116185970339358,0.055971010199270976,0.03527991327877105,-0.537527468283275,-0.20437959253047955,0.08637873464685342,0.18202327167702725,-0.6704459466797763,-0.07354285404631589,0.5935596814973376,0.12256224576401709,-0.36352787823086763,,,,,0.055971010199270976,0.1817368800734761,0.06620331732308671,0.372667495177471,0.5935596814973376,0.33097124761207464,,,13.079999923706055,-0.8768195525966721,0.002139017566587409
2006-07-31,1276.6600341796875,2091.469970703125,14.949999809265137,0.337522029876709,,0.0050858788034533475,0.034419597319711226,0.017897193455629585,-0.15880818815660303,-0.03711637820040525,-0.04273106103610391,0.03219116898914479,-0.5546927736777719,0.14296635294086757,0.2921348490573379,0.18415319255830162,-0.6233308055797038,0.03992534445685991,0.6363630058765599,0.1221317823255482,-0.33811650953204664,,,,,-0.04273106103610391,-0.2013160997295379,0.034419597319711226,0.1654854056721935,0.6363630058765599,0.3780833123373981,,,14.949999809265137,-0.5940212778681545,-0.0629421648970252
2006-08-31,1303.8199462890625,2183.75,12.3100004196167,0.4437794089317322,,0.02127419311502643,0.06841591474513753,0.01801260847780256,-0.14091251110466763,0.044122091442628575,0.014711239221591565,0.03464538642973937,-0.5350448875179192,-0.17658859018930018,-0.02301586929152144,0.19295048328129014,-0.6898462875901232,0.3148161294652003,0.8976524672259207,0.14298960380095876,-0.1297449109060087,,,,,0.014711239221591565,-0.027579867944500853,0.06841591474513753,0.3446858346664926,0.8976524672259207,0.685360301676342,,,12.3100004196167,-0.9369553710815427,0.01637772432919779
2006-09-30,1335.8499755859375,2258.429931640625,11.979999542236328,0.4510970115661621,,0.024566297967782313,0.08710859440285179,0.018825181450847293,-0.11980791187207096,0.03419802250286197,0.04960751462388413,0.03586933524064486,-0.5191443421184363,-0.02680754395869034,0.0050335122112714625,0.19224068316941412,-0.6981607468695021,0.0164892793292164,0.7263705214467233,0.14252235064925806,-0.11539503165426568,,,,,0.04960751462388413,0.06819505454005031,0.08710859440285179,0.43345606081052745,0.7263705214467233,0.4519174083649686,,,11.979999542236328,-0.9575525010265211,-0.0009959943277436656
2006-10-31,1377.93994140625,2366.7099609375,11.100000381469727,0.5315901041030884,,0.03150800358539563,0.1416143447508078,0.018266283338276054,-0.09207481640349924,0.04794482564186331,0.11621464247268398,0.037335392852724324,-0.49608980144240133,-0.07345569235325122,-0.2754568797269752,0.17357013247547165,-0.720332558187591,0.1784385408749718,1.0786924746179718,0.14439698671767096,0.0,,,,,0.11621464247268398,0.30651462659461026,0.1416143447508078,0.7511690424429267,1.0786924746179718,0.8726599834042462,,,11.100000381469727,-1.0645740443869833,0.2164424020136999
2006-11-30,1400.6300048828125,2431.77001953125,10.90999984741211,0.5639086961746216,,0.016466656343095964,0.12097034508496707,0.016774797632721657,-0.07712432441997341,0.02748966272486486,0.08910254524810801,0.03531907042860909,-0.4822374800404332,-0.017117164642156513,-0.09535659470906888,0.16197848247258345,-0.7251196718341448,0.060796075438729114,1.0464720984627047,0.14442052939820857,0.0,,,,,0.08910254524810801,0.1714098862399682,0.12097034508496707,0.5944726931409575,1.0464720984627047,0.8609491093160937,,,10.90999984741211,-1.0569457895201242,0.14247147479422384
2006-12-31,1418.300048828125,2415.2900390625,11.5600004196167,0.5642135739326477,,0.012615782814670462,0.136194317382607,0.01644624731742303,-0.06548152533191343,-0.00677694861618805,0.09521065613814961,0.035068810049136756,-0.48574633003358725,0.059578421750278165,-0.042253462146002674,0.1628083145122113,-0.7087427357118246,0.0005406509246874691,1.0246142302983974,0.14485706848832147,0.0,,,,,0.09521065613814961,0.17750320335783604,0.136194317382607,0.667939447095081,1.0246142302983974,0.9744995705892093,,,11.5600004196167,-0.9287834210528267,0.22278969999732495
2007-01-31,1438.239990234375,2463.929931640625,10.420000076293945,0.4672558605670929,,0.014059043023177953,0.1235548087692504,0.015841322155024342,-0.052343089890600214,0.020138323676027303,0.06856990510701366,0.033328555710034374,-0.47539012317621876,-0.09861594307455512,-0.19536677762428167,0.16406074138966265,-0.737465345506918,-0.1718457652299039,0.36343184516963856,0.15080884664168626,-0.1718457652299039,,,,,0.06856990510701366,0.037808859706956584,0.1235548087692504,0.5607446588082956,0.36343184516963856,0.07399346079624844,,,10.420000076293945,-1.0636472051188637,-0.09777505645184076
2007-02-28,1406.8199462890625,2416.14990234375,15.420000076293945,0.47259223461151123,,-0.021846175991944383,0.09851163364380722,0.01818156072860698,-0.07304576952883235,-0.019391797097517482,0.05906925870235047,0.03382117093007948,-0.4855632514629392,0.47984644562290035,0.24959480434529246,0.21494472492439076,-0.6114890246955763,0.011420667978228716,0.31551076122035093,0.1509186377623068,-0.1623876906798305,,,,,0.05906925870235047,-0.02244305864112202,0.09851163364380722,0.37537765160059827,0.31551076122035093,0.028581717442169783,,,15.420000076293945,-0.31089196468121877,0.017656086430106827
2007-03-31,1420.8599853515625,2421.639892578125,14.640000343322754,0.43874862790107727,,0.009979982939206433,0.097299335616293,0.018167206316929363,-0.06379478212330492,0.0022722059707676046,0.03498170867862149,0.03321473949056259,-0.48439434521133096,-0.0505836400202313,0.2853380072025433,0.21380357871314878,-0.6311413240142842,-0.07161270167347267,0.005239110910697065,0.1419619620684867,-0.22237137110520433,,,,,0.03498170867862149,-0.13121949185981877,0.097299335616293,0.355306404475331,0.005239110910697065,-0.4176421194746867,,,14.640000343322754,-0.41886213674219974,-0.15310433590034356
2007-04-30,1482.3699951171875,2525.090087890625,14.220000267028809,0.5014048218727112,,0.043290690426759815,0.1310534878303644,0.02085209744667254,-0.023265811860287644,0.042719066377109094,0.08719651660468819,0.03484880402501139,-0.4623681530200011,-0.028688529128724105,0.2269197652990258,0.2146450687568922,-0.6417233368846831,0.14280658670404023,0.12559891520880684,0.14712982340788638,-0.11132088088939573,,,,,0.08719651660468819,0.07905236611542002,0.1310534878303644,0.5553711278771408,0.12559891520880684,-0.24903927226039016,,,14.220000267028809,-0.4628388776355723,-0.019363663975850404
2007-05-31,1530.6199951171875,2604.52001953125,13.050000190734863,0.5280829668045044,,0.032549228707361655,0.2051272242975375,0.01709932473176284,0.0,0.031456276360808166,0.19534814198630057,0.027610306800204515,-0.44545625706102654,-0.08227848483285649,-0.2062043937468203,0.17913864390744103,-0.671201797876783,0.05320679771716641,0.5073966076370064,0.12755800983483961,-0.06403711076340812,,,,,0.19534814198630057,0.5378373240658849,0.2051272242975375,1.0194433055118146,0.5073966076370064,0.29616155072957395,,,13.050000190734863,-0.6176899349891158,0.3089380613295394
2007-06-30,1503.3499755859375,2603.22998046875,16.229999542236328,0.6297667622566223,,-0.01781632254788501,0.18355379733636457,0.019242000623955313,-0.01781632254788501,-0.0004953077929238381,0.19849079694333338,0.02746110428110842,-0.4457309268984213,0.24367810766464015,0.24082566031374708,0.18079627057950187,-0.5910808741798617,0.19255268933860759,0.9403486563719319,0.12880940301203633,0.0,,,,,0.19849079694333338,0.5265690063880011,0.18355379733636457,0.8466649243520415,0.9403486563719319,0.9059044524829137,,,16.229999542236328,-0.12695054907627187,0.5380469585366712
2007-07-31,1455.27001953125,2546.27001953125,23.520000457763672,0.6976068019866943,,-0.03198187836198829,0.1399041096060687,0.023386543180971494,-0.04922840144928886,-0.021880495140595868,0.21745473528134251,0.02505137707055718,-0.45785860865900296,0.4491682761022959,0.5732441978485745,0.21618143242524018,-0.4074073753699723,0.10772248361755876,1.0668482061497384,0.1291457163085179,0.0,,,,,0.21745473528134251,0.5902624896445046,0.1399041096060687,0.5213363693363966,1.0668482061497384,1.0628992441038247,,,23.520000457763672,1.0208801667656064,0.798844567462583
2007-08-31,1473.989990234375,2596.360107421875,23.3799991607666,0.7799292802810669,,0.012863572018857905,0.1305165214181998,0.023183045961010732,-0.0369980825178472,0.019671946614619573,0.1889456702561534,0.023579688407239233,-0.4471936321509674,-0.005952435980963511,0.8992687541674831,0.20476556334884102,-0.4109347450308737,0.11800698912328378,0.7574706365004997,0.10550896314208136,0.0,,,,,0.1889456702561534,0.4271491198532465,0.1305165214181998,0.42801313579878175,0.7574706365004997,0.5702556749565292,,,23.3799991607666,1.0690838337285822,0.6236254410842849
2007-09-30,1526.75,2701.5,18.0,0.8287128210067749,,0.03579400817860079,0.1429052871976353,0.024013128707677744,-0.0025283840074826758,0.04049511170564335,0.19618499655533217,0.024115134082091413,-0.42480767653332985,-0.2301111785236778,0.5025042310343784,0.22131141652127945,-0.5464852450791702,0.06254867198744951,0.8371055443918145,0.10488762264367077,0.0,,,,,0.19618499655533217,0.4376394961377667,0.1429052871976353,0.4936606027372496,0.8371055443918145,0.6675925243359196,,,18.0,0.292802040497501,0.4729236659271092
2007-10-31,1549.3800048828125,2859.1201171875,18.530000686645508,0.8090471625328064,,0.014822338223554832,0.12441766025128809,0.023216396517565487,0.0,0.05834540706551916,0.2080568233443132,0.025539755790043604,-0.3912478462797052,0.029444482591417076,0.6693693738587054,0.2179001531296912,-0.533131737772953,-0.023730365906584394,0.5219379674078963,0.09972653407443904,-0.023730365906584394,,,,,0.2080568233443132,0.4720536658322068,0.12441766025128809,0.3250848962444886,0.5219379674078963,0.1418623988185229,,,18.530000686645508,0.4598056980593991,0.3497016647386544
2007-11-30,1481.1400146484375,2660.9599609375,22.8700008392334,0.7212362885475159,,-0.04404341737941575,0.057481283054735766,0.027815626159965398,-0.04404341737941575,-0.06930809064605825,0.09424819763606962,0.035126625747743834,-0.4334392957307346,0.23421478638776905,1.0962420860764945,0.22161323541295305,-0.42378428746421615,-0.10853616210752093,0.27899479727862864,0.10817004933339881,-0.12969092517319747,,,,,0.09424819763606962,-0.1459685892662317,0.057481283054735766,-0.24166709861683897,0.27899479727862864,-0.28640732024252263,,,22.8700008392334,1.374322493734426,0.1750698714022082
2007-12-31,1468.3599853515625,2652.280029296875,22.5,0.7779473662376404,,-0.008628508561297932,0.035295730663479574,0.027964167675349053,-0.0522918969367866,-0.0032619549967098926,0.09812071693317748,0.03500570375845676,-0.43528739125096516,-0.016178435752335574,0.9463667113557115,0.22342233573793577,-0.43310655634896267,0.07863037203013445,0.3788171752324889,0.10884012572664893,-0.06125819883836392,,,,,0.09812071693317748,-0.16994704267320476,0.035295730663479574,-0.4884926829421483,0.3788171752324889,-0.15971691158593673,,,22.5,1.3772010742245875,0.1397611092558244
2008-01-31,1378.550048828125,2389.860107421875,26.200000762939453,0.5623083710670471,,-0.06116343227776988,-0.041502073236416526,0.03325274394547747,-0.11025697731758721,-0.09894125770142304,-0.030061660142027713,0.04639877277067859,-0.4911607670004463,0.1644444783528647,1.5143954482827549,0.2174509904434141,-0.3398840597261088,-0.2771896975671768,0.20342711247022605,0.1291771819433803,-0.32146775479602463,,,,,-0.030061660142027713,-0.9536455837771725,-0.041502073236416526,-1.2637875876971378,0.20342711247022605,-0.5176275093323269,,,26.200000762939453,2.296801656489899,-0.10956475607918448
2008-02-29,1330.6300048828125,2271.47998046875,26.540000915527344,0.4891326129436493,,-0.03476119273728817,-0.05415756409142858,0.034115449342150654,-0.141185506015708,-0.049534333237952866,-0.0598762194906306,0.048233496123656384,-0.5163657791323906,0.012977104682715401,0.7211414256948556,0.1819712174317435,-0.3313176660664453,-0.13013457008391693,0.03499925965930206,0.13665893432268938,-0.40976825681371887,,,,,-0.0598762194906306,-1.1758830449340474,-0.05415756409142858,-1.5128644294303526,0.03499925965930206,-0.8815716492923802,,,26.540000915527344,2.464626256172006,-0.27642321687119364
2008-03-31,1322.699951171875,2279.10009765625,25.610000610351562,0.4525449573993683,,-0.005959623397817415,-0.06908494516818964,0.03382686068189237,-0.14630371696844147,0.0033546926466538896,-0.05886085514148198,0.04824738162212472,-0.5147433349679758,-0.03504145716256102,0.7493169405581457,0.18116602691988964,-0.35474926942633933,-0.07480109601380458,0.03144472397393261,0.13683930553230292,-0.45391823810619114,,,,,-0.05886085514148198,-1.241527383382686,-0.06908494516818964,-1.8583155976117536,0.03144472397393261,-0.9484106542019443,,,25.610000610351562,2.3517115169879537,-0.42413552955210765
2008-04-30,1385.5899658203125,2412.800048828125,20.790000915527344,0.46992409229278564,,0.047546697641229096,-0.06528736389407563,0.034401437464200844,-0.10571327792169893,0.058663483586950615,-0.044469715991916625,0.049842582560616466,-0.4862764885634112,-0.18820771495319588,0.4620253533842795,0.19378293750256326,-0.4761904349994882,0.03840311246265937,-0.06278505552129965,0.1309415584298822,-0.432946998790376,,,,,-0.044469715991916625,-1.1766268971333143,-0.06528736389407563,-1.8999387934456424,-0.06278505552129965,-1.1859852251425163,,,20.790000915527344,1.1959340785244308,-0.7666542092992605
2008-05-31,1400.3800048828125,2522.659912109375,17.829999923706055,0.5648236870765686,,0.01067418170406853,-0.08508969610344308,0.03276787287356157,-0.09616749895469934,0.045532104218336755,-0.031430016589623966,0.050872409322458255,-0.46288557610127057,-0.142376183812987,0.3662834990887478,0.19818295114198173,-0.5507684419090018,0.20194664700156695,0.06957376507405044,0.1426378721404092,-0.31843254652391695,,,,,-0.031430016589623966,-1.0897094254267863,-0.08508969610344308,-2.1370947803115024,0.06957376507405044,-0.9387503521063976,,,17.829999923706055,0.49088491587938177,-0.9186674104913262
2008-06-30,1280.0,2292.97998046875,23.950000762939453,0.42807671427726746,,-0.08596238482631446,-0.14856818386476234,0.03995160202900046,-0.17386309622808582,-0.09104672831169436,-0.11917886714877757,0.057058193073120385,-0.5117880871262704,0.3432417759630211,0.4756624422947697,0.20912972369964833,-0.39657340409121244,-0.24210559140513432,-0.32026150007765675,0.1486387032170416,-0.4834438379302354,,,,,-0.11917886714877757,-1.585298793553356,-0.14856818386476234,-2.693250688727498,-0.32026150007765675,-1.6763618865981909,,,23.950000762939453,1.9069117228965198,-1.0119999114956315
2008-07-31,1267.3800048828125,2325.550048828125,22.940000534057617,0.2616024315357208,,-0.009859371185302779,-0.12911007038333533,0.03948190546429808,-0.18200828661224988,0.014204253258555122,-0.08668364667143902,0.057267706198276015,-0.5048534014719683,-0.04217119819239101,-0.024659860221839525,0.1682555970796724,-0.4220206266618418,-0.3888889004920749,-0.6250001708832098,0.17619139171670478,-0.6843267958399522,,,,,-0.08668364667143902,-1.3356814747507062,-0.12911007038333533,-2.327630613340368,-0.6250001708832098,-2.1537194348352426,,,22.940000534057617,1.6267926777949995,-1.0475597112828294
2008-08-31,1282.8299560546875,2367.52001953125,20.649999618530273,0.28904345631599426,,0.012190464669121548,-0.12968882790668868,0.03944581098898534,-0.17203658753056228,0.018047330662384287,-0.08813880911067373,0.0572034205206117,-0.4959173270819781,-0.09982566966934103,-0.11676645167795696,0.17123861080395636,-0.4797178046603896,0.10489590872371712,-0.6293978651348616,0.17500930649824825,-0.6512139682298564,,,,,-0.08813880911067373,-1.3038470553175694,-0.12968882790668868,-2.1966627922189983,-0.6293978651348616,-2.044764186669036,,,20.649999618530273,1.0798057409851436,-1.116367073305115
2008-09-30,1166.3599853515625,2091.8798828125,39.38999938964844,0.2449093908071518,,-0.09079143354379215,-0.2360504435228017,0.042654282941380156,-0.24720857267047258,-0.11642568360343775,-0.22565986199796406,0.06320000526251932,-0.554605496869107,0.9075060589493584,1.1883332994249134,0.29841271775461314,-0.007558560026219463,-0.15269006976097488,-0.7044701317524933,0.17194760913188556,-0.7044701317524933,,,,,-0.22565986199796406,-2.110156935842063,-0.2360504435228017,-2.9618160306467387,-0.7044701317524933,-2.0653718370403933,,,39.38999938964844,4.434327514043821,-0.6757543223713434
2008-10-31,968.75,1720.949951171875,59.88999938964844,0.20031797885894775,,-0.16942452401777075,-0.374749901930436,0.05862833691182921,-0.374749901930436,-0.17731894392612801,-0.3980840676030206,0.0727998282102828,-0.6335823797947795,0.5204366671147329,2.232055972497125,0.3210589649874336,0.0,-0.18207309977475106,-0.7524025938959709,0.17320883488503594,-0.7582781709403406,,,,,-0.3980840676030206,-2.9780254145915235,-0.374749901930436,-3.667444738457576,-0.7524025938959709,-2.0375150376376365,,,59.88999938964844,5.587769777893099,-0.7738038531984093
2008-11-30,896.239990234375,1535.5699462890625,55.279998779296875,0.17081917822360992,,-0.0748490423387097,-0.39489853668756225,0.05964558865022832,-0.42154927299312717,-0.10771957938496624,-0.42292632402178054,0.0750705065546055,-0.6730527317225261,-0.07697446413980713,1.417140216473637,0.32514485320308967,-0.07697446413980713,-0.14725987554072306,-0.7631578153567128,0.1738560893608092,-0.793874097403142,,,,,-0.42292632402178054,-2.8745276425710222,-0.39489853668756225,-3.3762048276250636,-0.7631578153567128,-1.9606043459464315,,,55.279998779296875,4.122864435570505,-1.022118095143003
2008-12-31,903.25,1577.030029296875,40.0,0.18453951179981232,,0.007821576633499472,-0.38485793060906714,0.06059480431484632,-0.41702487630313945,0.026999801023722236,-0.4054059104328629,0.0769755952983672,-0.6642252205337847,-0.2764109825743962,0.7777777777777777,0.34269878811612475,-0.3321088594481817,0.08032080307892508,-0.7627866359490433,0.17401248302556152,-0.777317899371194,,,,,-0.4054059104328629,-2.651976774510447,-0.38485793060906714,-3.0146091023219412,-0.7627866359490433,-1.868779139988362,,,40.0,2.2980237131005548,-1.309335325930049
2009-01-31,825.8800048828125,1476.4200439453125,44.84000015258789,0.1817954033613205,,-0.08565734305805428,-0.4009067675236928,0.061850026234913584,-0.4669609764679531,-0.06379712718369723,-0.3822148671546973,0.07515614607935624,-0.6856466868444688,0.12100000381469722,0.7114503376662178,0.342077052193161,-0.2512940288936091,-0.014870031960790175,-0.6766980313376056,0.16565854583167816,-0.7806291893246402,,,,,-0.3822148671546973,-2.4718040961681518,-0.4009067675236928,-2.8965294960968198,-0.6766980313376056,-1.6606937422936687,,,44.84000015258789,2.590486930983924,-1.109635100893679
2009-02-28,735.0900268554688,1377.8399658203125,46.349998474121094,0.1893416792154312,,-0.10993119762019943,-0.44756241467724345,0.06500619587554245,-0.5255585947031327,-0.06676966932904327,-0.3934175173597714,0.0755895158535554,-0.7066359536163528,0.033675252372764586,0.7464203796241704,0.3417218051855236,-0.22608116636360553,0.04150971759782296,-0.6129031796183986,0.1679170345928071,-0.7715231689243006,,,,,-0.3934175173597714,-2.4699793712550746,-0.44756241467724345,-2.975695910276868,-0.6129031796183986,-1.4962022896856029,,,46.349998474121094,2.536574678388425,-1.10132572320728
2009-03-31,797.8699951171875,1528.5899658203125,44.13999938964844,0.2254720777273178,,0.08540446199532292,-0.3967868567544006,0.07476367352336118,-0.4850391817354488,0.10941038418075588,-0.3293010836196869,0.08630742988982247,-0.6745388805966968,-0.04768067221634498,0.723545425133924,0.3421572064157392,-0.2629821365922784,0.19082115813907907,-0.5017686662049357,0.1828216190189505,-0.727924955410489,,,,,-0.3293010836196869,-2.07024915317674,-0.3967868567544006,-2.5148553487380187,-0.5017686662049357,-1.2741597677098344,,,44.13999938964844,2.19322658317892,-0.9165094216114184
2009-04-30,872.8099975585938,1717.300048828125,36.5,0.26251718401908875,,0.09392507914826331,-0.37008060170105017,0.0805917172248564,-0.4366714461216964,0.12345369734684986,-0.28825430451139045,0.09398747623825375,-0.6343595020637145,-0.17308562517651838,0.7556516783382821,0.3410748495847616,-0.39054933424646576,0.1643001947965046,-0.4413625767977699,0.19110250378548627,-0.6832229725851646,,,,,-0.28825430451139045,-1.7665867242087756,-0.37008060170105017,-2.2204503962828634,-0.4413625767977699,-1.1420551616039694,,,36.5,1.459115934955038,-0.9174940867851425
2009-05-31,919.1400146484375,1774.3299560546875,28.920000076293945,0.2385065108537674,,0.05308144638516654,-0.34364957265627794,0.08363480995326128,-0.40676915169177186,0.033209052352545676,-0.2966432187162936,0.09322547836614072,-0.6222169276255375,-0.2076712307864672,0.621985429054493,0.34559157972512355,-0.517114704107134,-0.09146324365408187,-0.57773281059044,0.17717584428603414,-0.7121964270276234,,,,,-0.2966432187162936,-1.7436055996868296,-0.34364957265627794,-1.962038055181478,-0.57773281059044,-1.3282963615822323,,,28.920000076293945,0.7755494358832595,-1.06459764514182
2009-06-30,919.3200073242188,1835.0400390625,26.350000381469727,0.2581724226474762,,0.00019582726560996022,-0.28178124427795415,0.08218923758102646,-0.4066529809168722,0.034215779765565335,-0.19971388555805625,0.09214157184203017,-0.6092907852220142,-0.08886582600429782,0.10020874914726785,0.33850691598441734,-0.5600267047919834,0.08245440228575696,-0.39690150377986544,0.17034566096453566,-0.6884657554424809,,,,,-0.19971388555805625,-1.1479622955608406,-0.28178124427795415,-1.546667460958452,-0.39690150377986544,-1.032639216992503,,,26.350000381469727,0.534762125406893,-0.7981267120262255
2009-07-31,987.47998046875,1978.5,25.920000076293945,0.29567497968673706,,0.07414172714778422,-0.22084932958993875,0.08694205025245683,-0.3626612081240598,0.07817810940560843,-0.14923353251546145,0.09572636788363269,-0.5787458774833215,-0.016318796924123524,0.1299040746669602,0.337966212002234,-0.5672065396485204,0.14526166913833816,0.13024553308237796,0.13250860790311758,-0.6432117710843044,,,,,-0.14923353251546145,-0.827966365109978,-0.22084932958993875,-1.1636686373244656,0.13024553308237796,-0.22584049742901185,,,25.920000076293945,0.48187326584508666,-0.4339005585045922
2009-08-31,1020.6199951171875,2009.06005859375,26.010000228881836,0.3320339620113373,,0.03356018886854417,-0.20439962420578361,0.08780864211067455,-0.3412719978954536,0.01544607459881231,-0.151407362125906,0.09566236892117697,-0.5722391548818717,0.00347222809888037,0.2595641990008448,0.3351164294711516,-0.5657037820344764,0.12296942528962718,0.14873371029837124,0.13367824897505512,-0.5993377276244374,,,,,-0.151407362125906,-0.8197842934860482,-0.20439962420578361,-1.0375578556813785,0.14873371029837124,-0.21054975135310114,,,26.010000228881836,0.47405370618848575,-0.3984595485830105
2009-09-30,1057.0799560546875,2122.419921875,25.610000610351562,0.3436962366104126,,0.03572334572311964,-0.0936932256501718,0.08547292088886105,-0.3177400297387729,0.05642432778271278,0.014599327290933939,0.09095668756589156,-0.5481030367443162,-0.015378685698207328,-0.3498349579288954,0.20193493926607273,-0.5723826870704882,0.03512374013920039,0.4033607918327975,0.12212455884226245,-0.5852649700859367,,,,,0.014599327290933939,0.14299402689834692,-0.0936932256501718,-0.40579612659576303,0.4033607918327975,0.17551807244740808,,,25.610000610351562,0.4223898905795428,0.0837764658323837
2009-10-31,1036.18994140625,2045.1099853515625,30.690000534057617,0.27349352836608887,,-0.019762000526814205,0.0696154233870967,0.06847572768140654,-0.3312228516304996,-0.036425372626138874,0.18836110484151614,0.07247899656317226,-0.5645635520195251,0.19836000791240593,-0.4875605134943086,0.13361724957222623,-0.4875605134943086,-0.2042580068279889,0.36529696397679357,0.12583082753523236,-0.6699779206579296,,,,,0.18836110484151614,1.1191596151764982,0.0696154233870967,0.5031562661111241,0.36529696397679357,0.10196258379942064,,,30.690000534057617,0.8389655504943417,0.6408110038953462
2009-11-30,1095.6300048828125,2144.60009765625,24.510000228881836,0.29864758253097534,,0.05736406145372763,0.22247390969052283,0.06448821355648068,-0.29285907819258283,0.04864780526098933,0.39661505022223253,0.061222487665224264,-0.543380524494634,-0.20136853038883618,-0.5566208254320517,0.14090830116802108,-0.5907496998051696,0.0919731238803434,0.7483258357561722,0.11282607179354469,-0.6396247590713529,,,,,0.39661505022223253,2.1864867104483316,0.22247390969052283,1.328461283513006,0.7483258357561722,0.6831542286348152,,,24.510000228881836,0.2891080361147063,1.1218025646777148
2009-12-31,1115.0999755859375,2269.14990234375,21.68000030517578,0.42716217041015625,,0.017770570919338313,0.2345419048834072,0.0643978182514258,-0.28029278029163784,0.05807600439056948,0.438875519292083,0.06174295880625383,-0.5168618898303649,-0.11546307210439233,-0.4579999923706055,0.12473844730817862,-0.6380029967253094,0.4303218756704703,1.314746398990911,0.1569507496387964,-0.48454740944973973,,,,,0.438875519292083,2.2811134752884055,0.2345419048834072,1.3635137836681768,1.314746398990911,1.5136497045160902,,,21.68000030517578,0.03155153794113934,1.2974571253534528
2010-01-31,1073.8699951171875,2147.35009765625,24.6200008392334,0.35192856192588806,,-0.03697424569226215,0.30027363390346684,0.05841614254083071,-0.30690341185962977,-0.053676403027272834,0.4544303340112261,0.06036156668865072,-0.5427950057496651,0.1356088788133336,-0.45093664684538404,0.12653694232665794,-0.588912988977442,-0.1761242303175624,0.9358496167608039,0.1722363463827188,-0.575331100225598,,,,,0.4544303340112261,2.2218151328588607,0.30027363390346684,1.658172599266795,0.9358496167608039,0.8995015475495051,,,24.6200008392334,0.27166153310881996,1.2627877031959953
2010-02-28,1104.489990234375,2238.260009765625,19.5,0.37045103311538696,,0.028513689046546054,0.5025234323462486,0.0405678310575266,-0.28714067126617315,0.04233585953617891,0.6244702326028493,0.05147257684662365,-0.5234388393338435,-0.20796103430973,-0.5792880120397941,0.1326143112340979,-0.6744030689809886,0.05263133826972388,0.9565213251008047,0.17210245238664268,-0.5529802077089399,,,,,0.6244702326028493,2.8102531749834565,0.5025234323462486,2.5397657269321163,0.9565213251008047,0.9080744753489136,,,19.5,-0.18809189519881583,1.5175003705164178
2010-03-31,1169.4300537109375,2397.9599609375,17.59000015258789,0.39789193868637085,,0.058796425545497355,0.4656899756446875,0.038237244511320906,-0.2452270908198616,0.07135004444304838,0.56873982857178,0.0480282374685582,-0.48943617934048256,-0.09794871012369788,-0.6014952334432284,0.13293637460121224,-0.7062948683945354,0.07407431244073948,0.7647060456309573,0.1679212148026651,-0.5198675239475775,,,,,0.56873982857178,2.3809494334573187,0.4656899756446875,2.2210248714826855,0.7647060456309573,0.5936347852744875,,,17.59000015258789,-0.3623424693333536,1.2083166552202846
2010-04-30,1186.68994140625,2461.18994140625,22.049999237060547,0.3592461943626404,,0.014759230482012997,0.3596200143509296,0.03328387742166907,-0.23408722349169242,0.0263682386273163,0.43317409388403094,0.04007701826146732,-0.4759735106828581,0.2535531009541514,-0.39589043186135486,0.1565215122459239,-0.6318250215098227,-0.09712623093425399,0.36846734702334016,0.17018818775904504,-0.5665009816956803,,,,,0.43317409388403094,1.7044572574645984,0.3596200143509296,1.648188208497385,0.36846734702334016,-0.020433867592351513,,,22.049999237060547,0.021228712490124046,0.838360077714939
2010-05-31,1089.4100341796875,2257.0400390625,32.06999969482422,0.3004770576953888,,-0.08197584207319053,0.1852492730352695,0.044423274297818005,-0.29687356830057643,-0.08294764207719163,0.27205203934060984,0.05184265992619621,-0.5194402723577037,0.45442180519092945,0.1089211483478647,0.19910107510600836,-0.46451828315818466,-0.16359014400004246,0.25982748487573426,0.17636913987860886,-0.637417148523961,,,,,0.27205203934060984,0.983810746610867,0.1852492730352695,0.818292384231533,0.25982748487573426,-0.18980995366403466,,,32.06999969482422,0.8782855074607169,0.6226446711597705
2010-06-30,1030.7099609375,2109.239990234375,34.540000915527344,0.23347565531730652,,-0.05388244223983851,0.121165592748812,0.048625346030376604,-0.3347597376439243,-0.06548401723946207,0.14942450591539158,0.057319159738096696,-0.5509092538472231,0.07701905968841527,0.3108159550470868,0.19620088311535833,-0.4232759848466898,-0.2229834214031925,-0.09565997435710671,0.190061644729671,-0.7182671132882137,,,,,0.14942450591539158,0.44773310747359507,0.121165592748812,0.5129084079779896,-0.09565997435710671,-0.7218417122199854,,,34.540000915527344,1.0601838423322747,0.32474591139096853
2010-07-31,1101.5999755859375,2254.699951171875,23.5,0.21015094220638275,,0.06877784957463517,0.11556689489848249,0.04800958876617685,-0.28900594294860726,0.06896321026102714,0.13960068292740702,0.0564241141515698,-0.5199385142940076,-0.31962943320491777,-0.09336420019949154,0.22183755692130766,-0.6076139549258067,-0.09990212075526317,-0.28925016777194223,0.1870428568549131,-0.7464128261572235,,,,,0.13960068292740702,0.40725317174193787,0.11556689489848249,0.48734514551463376,-0.28925016777194223,-0.9855082876942896,,,23.5,0.07127900479720758,-0.004907741410127571
2010-08-31,1049.3299560546875,2114.030029296875,26.049999237060547,0.21335239708423615,,-0.04744918363260475,0.028129922081531866,0.050080514088067137,-0.3227420305233294,-0.06238964160259419,0.0522482990262616,0.060380189910775685,-0.5498893783344133,0.10851060583236372,0.0015378319041419175,0.22346261434516856,-0.5650359074546408,0.015234073396203751,-0.35743802895394405,0.182448394347164,-0.7425496605385669,,,,,0.0522482990262616,0.04213770078110832,0.028129922081531866,0.08711103445443949,-0.35743802895394405,-1.0588309691794984,,,26.049999237060547,0.2794442921978682,-0.1625344854365206
2010-09-30,1141.199951171875,2368.6201171875,23.700000762939453,0.267090767621994,,0.08755110305113556,0.07957770330935654,0.05509822797875272,-0.26344734824547467,0.12042879446480792,0.11599975705797205,0.06763637895877514,-0.4956830987914215,-0.09021107650467108,-0.07458023435735828,0.22564852646165404,-0.604274486484035,0.2518761039115056,-0.22288713354534806,0.198634898575172,-0.6777040720843264,,,,,0.11599975705797205,0.3170012739935909,0.07957770330935654,0.3285848010582915,-0.22288713354534806,-0.8240367686224866,,,23.700000762939453,0.05247390296079455,-0.031494197652452406
2010-10-31,1183.260009765625,2507.409912109375,21.200000762939453,0.27486565709114075,,0.03685599403554063,0.14193350319515852,0.05494829072801419,-0.23630096810554813,0.05859521073673646,0.22605137624338645,0.0671049287657375,-0.46613254368700696,-0.10548522867177879,-0.3092212318662825,0.22033987382941012,-0.6460176827685238,0.02910954031982982,0.005017042755085521,0.1884056865658643,-0.6683221857757482,,,,,0.22605137624338645,0.7743724847695002,0.14193350319515852,0.6117017440251036,0.005017042755085521,-0.441441314982359,,,21.200000762939453,-0.18222108323184483,0.19060295764509996
2010-11-30,1180.550048828125,2498.22998046875,23.540000915527344,0.3112246096134186,,-0.002290249746576656,0.07750795758317652,0.0531917128952804,-0.23805002961980526,-0.0036611212216602906,0.16489315802930737,0.06671518133051224,-0.46808709716086827,0.11037736171587964,-0.03957565501005078,0.2138908642381797,-0.6069460484984399,0.13227899369844454,0.042113272693706794,0.19024408773815402,-0.6244481782780644,,,,,0.16489315802930737,0.5050878874815068,0.07750795758317652,0.3112923768092916,0.042113272693706794,-0.36202722440365603,,,23.540000915527344,0.012162817645766117,0.11662896438322713
2010-12-31,1257.6400146484375,2652.8701171875,17.75,0.3521571159362793,,0.06530004034715509,0.12782713853760175,0.05573187408790661,-0.18829466581146492,0.06189988028633553,0.1691030700296241,0.06694924046278304,-0.43516175215236874,-0.24596434538403822,-0.18127307425533346,0.2242970063164051,-0.7036233063801306,0.1315207893543644,-0.17558917823143827,0.14586620729728295,-0.5750553062417261,,,,,0.1691030700296241,0.5109225750707634,0.12782713853760175,0.536131260964417,-0.17558917823143827,-0.69180794410411,,,17.75,-0.5282682283172128,-0.04325558409653557
2011-01-31,1286.1199951171875,2700.080078125,19.530000686645508,0.5469870567321777,,0.022645574359139164,0.19764962329247115,0.053635890261693873,-0.16991313230838856,0.017795805618840754,0.2574009618049864,0.0633523014542184,-0.42511000048758574,0.100281728825099,-0.20674248493430925,0.2226674881431691,-0.6739021391604634,0.5532472069403014,0.5542559368834823,0.20750715898578942,-0.3399558413158592,,,,,0.2574009618049864,0.871298425979006,0.19764962329247115,0.8463671352124921,0.5542559368834823,0.497390722341436,,,19.530000686645508,-0.3774529769389944,0.4594008266484848
2011-02-28,1327.219970703125,2782.27001953125,18.350000381469727,0.5181743502616882,,0.03195656372809341,0.2016586681980579,0.05371533816032354,-0.14338640842114814,0.030439816238089,0.24305040852809134,0.06308237100103328,-0.40761045454531275,-0.060419880373207446,-0.05897433941180885,0.2138539651951045,-0.693604932902347,-0.05267529846615204,0.398766109258734,0.20981636211564625,-0.3747238643753865,,,,,0.24305040852809134,0.7974623108978485,0.2016586681980579,0.8493335849981977,0.398766109258734,0.2518534602679223,,,18.350000381469727,-0.49948884376840846,0.34979012809889004
2011-03-31,1325.8299560546875,2781.070068359375,17.739999771118164,0.422131210565567,,-0.0010473129391664893,0.1337402795895728,0.052214213998422354,-0.14428355091947453,-0.00043128494482980173,0.15976501428826828,0.06115607802539121,-0.40786594323774195,-0.0332425393825907,0.008527550723653965,0.2115400549683877,-0.7037902829869723,-0.18534908114926485,0.06091923339593519,0.21978033268604782,-0.49061822157797175,,,,,0.15976501428826828,0.44811334788767976,0.1337402795895728,0.5345968755955586,0.06091923339593519,-0.2697010611418862,,,17.739999771118164,-0.5711110645991588,0.03547452443554833
2011-04-30,1363.6099853515625,2873.5400390625,14.75,0.45734715461730957,,0.028495380666536008,0.14908700054848278,0.05243587728547331,-0.1198995849603085,0.0332497809944341,0.16754094867649494,0.061313316163732555,-0.388177615531051,-0.1685456487990531,-0.33106573649177595,0.20428239760438693,-0.753715141921517,0.08342416568668454,0.27307445922625795,0.216872590418477,-0.4481234716971144,,,,,0.16754094867649494,0.48451515863088035,0.14908700054848278,0.6031664221752815,0.27307445922625795,0.13238674375108478,,,14.75,-0.8614183980471973,0.08966248162751231
2011-05-31,1345.199951171875,2835.300048828125,15.449999809265137,0.458261638879776,,-0.01350095289522324,0.23479673306368443,0.04425958063922627,-0.13178177920682577,-0.013307623946263503,0.2562028141981101,0.05410183025584039,-0.39631951774547003,0.04745761418746697,-0.518241348416395,0.14436984122968577,-0.7420270501466133,0.001999540727943616,0.5251135723791023,0.20786720812992282,-0.44701997210197664,,,,,0.2562028141981101,0.8387620441449256,0.23479673306368443,0.9746022969538758,0.5251135723791023,0.58602336926732,,,15.449999809265137,-0.792800763321384,0.40164673676118434
2011-06-30,1320.6400146484375,2773.52001953125,16.520000457763672,0.36450546979904175,,-0.018257461652479323,0.2812915996729348,0.03993831697697921,-0.14763324007894096,-0.021789591307068035,0.31493809731108957,0.04901987250986062,-0.40947346873385004,0.06925570625941835,-0.5217139542594176,0.1437732718636769,-0.7241609513086915,-0.20459091734128543,0.561214034515326,0.20570259243471728,-0.5601546632810428,,,,,0.31493809731108957,1.056377505911717,0.2812915996729348,1.1561936796619465,0.561214034515326,0.6515927529997416,,,16.520000457763672,-0.7005699799682799,0.5408984896512814
2011-07-31,1292.280029296875,2756.3798828125,25.25,0.31625550985336304,,-0.02147442530666621,0.1730937345105834,0.03872300388095469,-0.16593732639875092,-0.0061799217593702105,0.2225040770413278,0.04755234596603922,-0.4131228764939071,0.5284503208432789,0.07446808510638303,0.19716072552480934,-0.5783937175266647,-0.13237101756601832,0.5048969399469942,0.20812011192934704,-0.6183774380741992,,,,,0.2225040770413278,0.6532573884951318,0.1730937345105834,0.657929630558752,0.5048969399469942,0.5567852187852729,,,25.25,0.11138568695986403,0.4948394811997551
2011-08-31,1218.8900146484375,2579.4599609375,31.6200008392334,0.30436453223228455,,-0.05679110795232889,0.16158888595086784,0.04014010671290561,-0.21330466973424744,-0.06418560916736848,0.2201624031780791,0.04782999125643937,-0.4507919421725386,0.25227726095973857,0.21381964550112453,0.2070357255025948,-0.4720320393808738,-0.037599274164715535,0.4265812636363999,0.2095221551175308,-0.6327261694074885,,,,,0.2201624031780791,0.6274841359085226,0.16158888595086784,0.5978987761152519,0.4265812636363999,0.43637464576315094,,,31.6200008392334,0.692964439569962,0.5886804993392218
2011-09-30,1131.4200439453125,2415.39990234375,42.959999084472656,0.2860705554485321,,-0.07176198808089651,-0.008569845465310144,0.03968810840937614,-0.26975949064807536,-0.06360248310817851,0.019749804882935873,0.04091378280503134,-0.4857229383933852,0.3586337110772255,0.8126581308660021,0.22257865237062768,-0.2826849303341621,-0.06010548157362461,0.07106119015465051,0.2010514294462702,-0.6548013398646413,,,,,0.019749804882935873,-0.19741075724471943,-0.008569845465310144,-0.15353950286106088,0.07106119015465051,-0.1873125721730243,,,42.959999084472656,1.70929416568244,0.2927578333509089
2011-10-31,1253.300048828125,2684.409912109375,29.959999084472656,0.3384368419647217,,0.10772303843744147,0.059192433179900306,0.049683037674752795,-0.19109576419058116,0.11137286604367036,0.070590771435173,0.049449858170898274,-0.4284464281017393,-0.3026070827990004,0.4132074531264591,0.24312105194073125,-0.49974955101350305,0.18305374502483862,0.23128093027824792,0.2064158297201567,-0.5916114323493074,,,,,0.070590771435173,0.015467325451957649,0.059192433179900306,0.15508444757256562,0.23128093027824792,0.13313322888499343,,,29.959999084472656,0.45369488394516844,0.1893449714636713
2011-11-30,1246.9599609375,2620.340087890625,27.799999237060547,0.35741665959358215,,-0.005058715107011391,0.056253364417117924,0.04973101469446971,-0.1951877802683959,-0.0238673773069199,0.048878649434414,0.05017714393602802,-0.4420879128533528,-0.07209612528097742,0.18096848580508107,0.24501861183946136,-0.5358156700554988,0.05608082594872732,0.14842030017337038,0.2042922995543069,-0.5687086641674388,,,,,0.048878649434414,-0.07136874743394764,0.056253364417117924,0.1469790276186249,0.14842030017337038,0.006750068951631167,,,27.799999237060547,0.22284752530689378,0.07630196861080055
2011-12-31,1257.5999755859375,2605.14990234375,23.399999618530273,0.3169415295124054,,0.008532763666636134,-3.183666393691276e-05,0.0461131087779378,-0.1883205078014053,-0.005797028262504278,-0.017988145945999623,0.046911917612722995,-0.4453221449905347,-0.15827337191666446,0.3183098376636775,0.23690552705399628,-0.6092836891466925,-0.11324354641778855,-0.099999644562758,0.20523941968602383,-0.6175496245763834,,,,,-0.017988145945999623,-0.3392386296293962,-3.183666393691276e-05,-0.09493901158158503,-0.099999644562758,-0.4419347047286357,,,23.399999618530273,-0.22933511552041805,-0.27636186536500873
2012-01-31,1312.4100341796875,2813.840087890625,19.440000534057617,0.33775070309638977,,0.043583062704985354,0.020441357853319575,0.04738693841596809,-0.1529450295965632,0.08010678593163667,0.04213208737298735,0.052267070994350004,-0.400888684798272,-0.16923073286448964,-0.004608302581854629,0.2440385921214339,-0.6754048967745074,0.06565619095736053,-0.38252523722556153,0.11647765885062432,-0.5924393896958563,,,,,0.04213208737298735,-0.08952279660251658,0.020441357853319575,0.0045887111840680755,-0.38252523722556153,-0.9637557013946768,,,19.440000534057617,-0.6474376958491279,-0.4240318706655633
2012-02-29,1365.6800537109375,2966.889892578125,18.43000030517578,0.3464404046535492,,0.04058946376811723,0.028977926686438726,0.04793385336393953,-0.1185635225657693,0.05439179196648403,0.06635584316075094,0.05377630883813912,-0.3683019467770531,-0.05195474285673918,0.004359668776183767,0.2437835201109628,-0.6922691518951447,0.025728152384273395,-0.3314211626287755,0.11746700051985497,-0.5819536082081238,,,,,0.06635584316075094,0.00985141078314461,0.028977926686438726,0.04819898662258855,-0.3314211626287755,-0.8395363515338746,,,18.43000030517578,-0.7578170989876288,-0.3848257632789426
2012-03-31,1408.469970703125,3091.570068359375,15.5,0.3521571159362793,,0.03133231453144192,0.062330779502336675,0.04856674154140701,-0.09094607761531381,0.0420238634716934,0.11164767243105533,0.054656475401629705,-0.34175555403307745,-0.15897993796304688,-0.12626830890747953,0.24915785263593776,-0.7411921830361704,0.016501283354771967,-0.16576384990708726,0.10659236419980676,-0.5750553062417261,,,,,0.11164767243105533,0.19128568574813745,0.062330779502336675,0.20097375106741466,-0.16576384990708726,-0.5128257690427042,,,15.5,-1.0576719912848553,-0.2945595808780018
2012-04-30,1397.9100341796875,3046.360107421875,17.149999618530273,0.2972755432128906,,-0.007497452372495994,0.02515385571870965,0.04816888928169739,-0.09776166610242365,-0.014623624869512297,0.060141868917809926,0.054568295827188126,-0.3513814738833376,0.10645158829227563,0.16271183854442528,0.24336760133789848,-0.7136416798579142,-0.1558439975789646,-0.3500002345884511,0.10993124818078233,-0.6412803860669842,,,,,0.060141868917809926,-0.019175707588592935,0.02515385571870965,0.04168334126060755,-0.3500002345884511,-0.847659697129087,,,17.149999618530273,-0.9000102254829112,-0.4312905722349959
2012-05-31,1310.3299560546875,2827.340087890625,24.059999465942383,0.2842411398887634,,-0.06265072571454366,-0.025921793326568632,0.05167266640287284,-0.1542875524885876,-0.07189564326215059,-0.0028074492295057096,0.05892091064503111,-0.3980143200502432,0.40291545195989253,0.5572815380563279,0.26533722513360714,-0.5982634878753901,-0.04384620134994677,-0.37974048933357585,0.10953061012299928,-0.6570088784876664,,,,,-0.0028074492295057096,-0.2655725637547495,-0.025921793326568632,-0.17238532338703597,-0.37974048933357585,-0.8753178614078324,,,24.059999465942383,-0.217374189492889,-0.3826624845106267
2012-06-30,1362.1600341796875,2935.050048828125,17.079999923706055,0.31602686643600464,,0.03955498222833631,0.03143931659703858,0.05260183429639999,-0.12083541165699074,0.03809586310427138,0.05824008053281515,0.059319495473871164,-0.37508115599614544,-0.29010805058897515,0.033898271817493164,0.2846452208610443,-0.7148104842582748,0.1118266221409061,-0.132998287761674,0.10242337002889686,-0.6186533399446211,,,,,0.05824008053281515,-0.0037820498075437606,0.03143931659703858,0.09995901566008758,-0.132998287761674,-0.3771010543551545,,,17.079999923706055,-0.942505119884967,-0.30585730209689443
2012-07-31,1379.3199462890625,2939.52001953125,18.93000030517578,0.30962395668029785,,0.012597574204787909,0.06735375848804659,0.05202762292880848,-0.10976007051711789,0.001522962344342238,0.06644227011694825,0.059213517829369275,-0.37412942812845773,0.10831384014832657,-0.2502970176168008,0.24124829230387504,-0.6839205126382469,-0.0202606500767345,-0.020968972765533778,0.09477706488002809,-0.6263796711819345,,,,,0.06644227011694825,0.04076458804812303,0.06735375848804659,0.2699653504666338,-0.020968972765533778,-0.12638758306258877,,,18.93000030517578,-0.7398305602193387,-0.13887205119179266
2012-08-31,1406.5799560546875,3066.9599609375,17.469999313354492,0.32082900404930115,,0.019763369506085704,0.1539843128999503,0.04808128187295183,-0.09216592984167604,0.04335399676120333,0.18899304791799088,0.055487378965876244,-0.3469954373826064,-0.07712630577306967,-0.4475016176571981,0.22860482558694892,-0.7082985558291046,0.036189213164061096,0.054094580916712376,0.09434373078730279,-0.612858645459911,,,,,0.18899304791799088,0.550221306147596,0.1539843128999503,0.6635932983899603,0.054094580916712376,0.050563048909734176,,,17.469999313354492,-0.8751127997227542,0.09731621343113403
2012-09-30,1440.6700439453125,3116.22998046875,15.729999542236328,0.30505046248435974,,0.024236153617775313,0.27332908026061786,0.0399912147216623,-0.07016352385786873,0.016064774290757144,0.2901507437526014,0.049556280042186936,-0.33650506647332346,-0.09959930392144123,-0.6338454404687887,0.19433890991744063,-0.737351816621405,-0.049180533448642816,0.0663469436973998,0.09367205898073346,-0.6318984637962227,,,,,0.2901507437526014,0.9593448604531072,0.27332908026061786,1.187993919696243,0.0663469436973998,0.10495789503816122,,,15.729999542236328,-1.0458914905599246,0.3016012961568966
2012-10-31,1412.1600341796875,2977.22998046875,18.600000381469727,0.2739507853984833,,-0.01978940971629395,0.12675335447413527,0.030741160825225915,-0.08856443885340037,-0.04460518025665461,0.10908172669101823,0.044324055347004336,-0.366100377582658,0.18245396838869654,-0.3791721979354288,0.19049736348034177,-0.6894306132738982,-0.10194928679208604,-0.1905408884915678,0.08089642639661712,-0.6694261528792691,,,,,0.10908172669101823,0.21789203078159552,0.12675335447413527,0.5242763985334534,-0.1905408884915678,-0.41732880051889165,,,18.600000381469727,-0.7527149085399613,-0.10696881993595098
2012-11-30,1416.1800537109375,3010.239990234375,15.869999885559082,0.2754881978034973,,0.0028467166850427716,0.13570611573302882,0.03046243973088394,-0.08596984003414299,0.011087490715254722,0.14879744203647238,0.043057747650093875,-0.3590720214047023,-0.14677421720003891,-0.42913667909736575,0.19344043894820773,-0.735014191896918,0.005612002180529485,-0.22922395918322758,0.07816711572779927,-0.6675709717284015,,,,,0.14879744203647238,0.37847752413125463,0.13570611573302882,0.5576111447216112,-0.22922395918322758,-0.4823012410027815,,,15.869999885559082,-1.0117040975770468,-0.13947916743174063
2012-12-31,1426.18994140625,3019.510009765625,18.020000457763672,0.28216245770454407,,0.007068230956284616,0.1340569092662105,0.030476553731106998,-0.07950926376249445,0.003079495176903979,0.15905422833791327,0.04279068489995542,-0.3570982867858753,0.13547577742334993,-0.2299144977979497,0.19422403092812054,-0.6991150335379983,0.024227026617697156,-0.10973340054667735,0.07292839964125988,-0.6595172048119703,,,,,0.15905422833791327,0.41625087547923295,0.1340569092662105,0.5414084845136291,-0.10973340054667735,-0.2106420860209304,,,18.020000457763672,-0.7827191170468506,-0.008925460768729743
2013-01-31,1498.1099853515625,3142.1298828125,14.279999732971191,0.28216245770454407,,0.050428096466868855,0.14149537593862238,0.031197982310789883,-0.03309066811865036,0.040609195747091764,0.11666967015455909,0.038479681101889006,-0.33099056526782233,-0.2075472047605389,-0.2654321326816036,0.19746017780193678,-0.7615628672816552,0.0,-0.16458365558452004,0.06934777378124836,-0.6595172048119703,,,,,0.11666967015455909,0.23087503098870266,0.14149537593862238,0.5599596056864362,-0.16458365558452004,-0.31564194122494654,,,14.279999732971191,-1.1277456139473252,-0.1631382296242832
2013-02-28,1514.6800537109375,3160.18994140625,15.510000228881836,0.2931560277938843,,0.011060648765041536,0.10910315311051444,0.02983309264387035,-0.02239602361106985,0.005747712305763875,0.0651524174562994,0.035841255797949424,-0.32714529150714,0.08613449011982044,-0.15843733195565435,0.19868819726468417,-0.7410252064293287,0.03896184552252424,-0.1538053187328161,0.07011340444448426,-0.6462513667427771,,,,,0.0651524174562994,0.008901714536426342,0.10910315311051444,0.4019190435439564,-0.1538053187328161,-0.2855194373510048,,,15.510000228881836,-0.9784635700530127,-0.21329056233090868
2013-03-31,1569.18994140625,3267.52001953125,12.699999809265137,0.29709237813949585,,0.03598772398287298,0.11410961827101773,0.03017706683975608,0.0,0.033963173136751124,0.05691281364528389,0.03517138538209245,-0.30429301054671876,-0.1811734608735902,-0.18064517359579768,0.20043340896078404,-0.7879445660595508,0.013427492435458932,-0.15636412074304662,0.07000741944558549,-0.6415014096456617,,,,,0.05691281364528389,-0.033379069657388724,0.11410961827101773,0.41065970912695227,-0.15636412074304662,-0.284124434452618,,,12.699999809265137,-1.219526530608947,-0.28159258139800036
2013-04-30,1597.5699462890625,3328.7900390625,13.520000457763672,0.31885915994644165,,0.018085767779890016,0.1428274404128862,0.02977056143004779,0.0,0.018751230035321864,0.092710619126261,0.03477868334912265,-0.29124764875029907,0.06456698116643378,-0.21166176335330356,0.19879989238648982,-0.7742527868500779,0.07326603914667063,0.07260475079880413,0.05720421531410746,-0.6152356378907345,,,,,0.092710619126261,0.1061970642213055,0.1428274404128862,0.5235531316975455,0.07260475079880413,0.20291045820051162,,,13.520000457763672,-1.1170922265889194,-0.07110789311738919
2013-05-31,1630.739990234375,3455.909912109375,16.299999237060547,0.3367704451084137,,0.020762811683057825,0.24452622234511057,0.018439753017724023,0.0,0.03818801172653008,0.22231843523560801,0.024913279536397853,-0.2641818056495697,0.20562120452447918,-0.3225270324659125,0.1680616861004438,-0.7278343729641465,0.0561730300141936,0.1848054269702386,0.05634576832713683,-0.5936222578295787,,,,,0.22231843523560801,0.6273920837645478,0.24452622234511057,0.949882149973352,0.1848054269702386,0.43919331091625596,,,16.299999237060547,-0.84371467412056,0.29318821763339886
2013-06-30,1606.280029296875,3403.25,16.860000610351562,0.3267627954483032,,-0.014999301595580827,0.17921535575238057,0.01948571936017242,-0.014999301595580827,-0.015237640288265797,0.15952026145476217,0.025586040202832668,-0.27539393861264283,0.0343559140799079,-0.012880521916697751,0.14485753701092027,-0.7184838740661985,-0.029716531855664474,0.033971570624273584,0.04868597706180178,-0.605698394950219,,,,,0.15952026145476217,0.3484513142377475,0.17921535575238057,0.6354091653929329,0.033971570624273584,0.10334858905819055,,,16.860000610351562,-0.7741964001094055,0.07825316714486641
2013-07-31,1685.72998046875,3626.3701171875,13.449999809265137,0.33607223629951477,,0.04946207991308538,0.22214572841062474,0.02198898811642281,0.0,0.06556089537574383,0.2336606293179042,0.02942999940234518,-0.22788811643339657,-0.2022538954709635,-0.2894876073727437,0.15296384525285217,-0.7754216071742042,0.02848990454509792,0.08542064994836984,0.0485207098451885,-0.5944647798603717,,,,,0.2336606293179042,0.6361487105616653,0.22214572841062474,0.8005876207909054,0.08542064994836984,0.19142297468070388,,,13.449999809265137,-1.0763871441144794,0.1379430404796988
2013-08-31,1632.969970703125,3589.8701171875,17.010000228881836,0.3450179994106293,,-0.031298019479343964,0.16095069012886998,0.025996906852697402,-0.031298019479343964,-0.010065161255053634,0.17049787506523506,0.02929383269848717,-0.2356595470484376,0.2646840498216487,-0.026330801519895974,0.17148500107001488,-0.7159792886586355,0.02661857227367581,0.07539528863048517,0.0480912402609415,-0.583670011293564,,,,,0.17049787506523506,0.3553308034099989,0.16095069012886998,0.5069916904325625,0.07539528863048517,0.1462174998209777,,,17.010000228881836,-0.7291343105377875,0.06985142078143788
2013-09-30,1681.550048828125,3771.47998046875,16.600000381469727,0.3639647364616394,,0.029749523259195332,0.1671999816301839,0.026264333487873614,-0.0024795973786161385,0.050589535931047314,0.21027010333217966,0.03119230375857408,-0.1969919182402916,-0.024103459253101978,0.05530838299755669,0.1684025507356691,-0.7228251703014892,0.05491521336097116,0.19312960058305184,0.04636180481534169,-0.5608071611351795,,,,,0.21027010333217966,0.4979390258296162,0.1671999816301839,0.5109177170453194,0.19312960058305184,0.3823286809675869,,,16.600000381469727,-0.7410685359973556,0.16252922196129174
2013-10-31,1756.5400390625,3919.7099609375,13.75,0.3553100526332855,,0.04459575276194472,0.24386754797437682,0.025458614402583842,0.0,0.03930286816750561,0.3165627064928189,0.025057397053572947,-0.16543139746544822,-0.17168676602267607,-0.2607527033333583,0.1679201997478562,-0.7704124204353124,-0.023778907573552943,0.2969849752993359,0.03137808060173393,-0.5712506870575123,,,,,0.3165627064928189,0.9274902132148998,0.24386754797437682,0.8346873404305346,0.2969849752993359,0.592459253091853,,,13.75,-1.0432444589320296,0.32784808695131445
2013-11-30,1805.81005859375,4059.889892578125,13.699999809265137,0.36687663197517395,,0.028049471367328715,0.27512744856265403,0.02507341246753888,0.0,0.03576283271915792,0.34869309614813315,0.02496162933323792,-0.13558486014034365,-0.003636377507990063,-0.1367359856296243,0.1624630362356892,-0.7712472875457553,0.03255348182852069,0.33173266550192837,0.031033568715304254,-0.5572934040896482,,,,,0.34869309614813315,1.0519285054318521,0.27512744856265403,0.9597653894683934,0.33173266550192837,0.648365479587213,,,13.699999809265137,-1.0768880283826818,0.39579283652619424
2013-12-31,1848.3599853515625,4176.58984375,13.720000267028809,0.37675392627716064,,0.023562791975445974,0.2960124957332435,0.02470482909323986,0.0,0.028744609893291306,0.3832011916642686,0.02394271706468544,-0.11073758415922286,0.0014598874483302549,-0.23862375591018736,0.1568143496521305,-0.7709133343320719,0.026922658575472047,0.33523761219738346,0.031040420256117907,-0.5453745655588444,,,,,0.3832011916642686,1.1950381925834654,0.2960124957332435,1.0415757675713015,0.33523761219738346,0.6323315230284658,,,13.720000267028809,-1.050778368226307,0.4545417787392315
2014-01-31,1782.5899658203125,4103.8798828125,18.40999984741211,0.369228333234787,,-0.035582905955811595,0.18989258682632104,0.02800244419509319,-0.035582905955811595,-0.017408930169742654,0.3060821913380436,0.02677988129161995,-0.12621869145917153,0.3418366974564908,0.28921569969676764,0.17355997944931303,-0.6926031051088282,-0.01997482313386012,0.3085664770520631,0.03296810432031836,-0.5544556282039608,,,,,0.3060821913380436,0.8134803668676612,0.18989258682632104,0.4873449649088764,0.3085664770520631,0.541242636563758,,,18.40999984741211,-0.4598009259235055,0.34556676060419755
2014-02-28,1859.449951171875,4308.1201171875,14.0,0.43420761823654175,,0.0431170301781616,0.22761895927543097,0.029104719623803576,0.0,0.04976759559420363,0.36324720889100526,0.027238974941519247,-0.08273269665793759,-0.23954371993283974,-0.09735655748540861,0.1895081437985885,-0.7662381008068636,0.17598672461691978,0.48114852525505536,0.055184755303006386,-0.47604573354007274,,,,,0.36324720889100526,1.0931769765005752,0.22761895927543097,0.6735448434386845,0.48114852525505536,0.9518027303127592,,,14.0,-1.04404949337993,0.41861876421802213
2014-03-31,1872.3399658203125,4198.990234375,13.880000114440918,0.42310425639152527,,0.006932165418227054,0.19318886542338576,0.028643088136944626,0.0,-0.025331207079654083,0.28506947448706876,0.030893613383651857,-0.10596818466629121,-0.008571420397077256,0.09291341125178021,0.18020721429041742,-0.7682417723176671,-0.02557155005734546,0.4241504916456058,0.05763716019041013,-0.48944405629261245,,,,,0.28506947448706876,0.6647410230336429,0.19318886542338576,0.4558373551385981,0.4241504916456058,0.7775961584503586,,,13.880000114440918,-1.0793158342170686,0.20471467560138273
2014-04-30,1883.949951171875,4114.56005859375,13.40999984741211,0.4363337457180023,,0.006200789153414155,0.17925975982963016,0.028739665622097774,0.0,-0.020107256999566947,0.23605274298181622,0.033166783113129546,-0.12394471214299552,-0.03386169042893705,-0.008136139543427068,0.18032834252464647,-0.7760894976778054,0.03126768196402874,0.36842154947435946,0.05611377669904761,-0.4734801554199254,,,,,0.23605274298181622,0.36438288853243644,0.17925975982963016,0.34214029711648697,0.36842154947435946,0.6054130624211639,,,13.40999984741211,-1.1373225563787455,0.04365342292283547
2014-05-31,1923.5699462890625,4242.6201171875,11.399999618530273,0.4509217143058777,,0.02103028007328045,0.17956875885076018,0.028745310548099624,0.0,0.031123633333843603,0.22764198867612917,0.03284307028898872,-0.09667868858355921,-0.14988816195025756,-0.30061348760001005,0.17505599566297192,-0.809651031312238,0.03343305149105613,0.3389586908694324,0.05544940968601507,-0.45587699034501683,,,,,0.22764198867612917,0.2827821187865196,0.17956875885076018,0.3137116716929962,0.3389586908694324,0.5009407663465597,,,11.399999618530273,-1.4087874791903383,-0.0778382305910657
2014-06-30,1960.22998046875,4408.18017578125,11.569999694824219,0.44000473618507385,,0.019058331749470137,0.22035382667791192,0.027238314509389402,0.0,0.03902306924040655,0.29528544061742457,0.031604148060110325,-0.06142831850182051,0.014912287893204645,-0.31376042253992764,0.17463768421001977,-0.8068124926909915,-0.02421036240760499,0.3465570203040038,0.054967770434005914,-0.46905040560308076,,,,,0.29528544061742457,0.6893673809916323,0.22035382667791192,0.5952148372527987,0.3465570203040038,0.49679676058085714,,,11.569999694824219,-1.3326785092128928,0.11217511740309882
2014-07-31,1930.6700439453125,4369.77001953125,16.950000762939453,0.4153226315975189,,-0.015079830845342368,0.14530207465874945,0.026626731745865207,-0.015079830845342368,-0.00871338164919555,0.2049983532624926,0.0295569627395658,-0.06960645176784142,0.46499578306142486,0.26022312292252336,0.21258590424782073,-0.7169811164521545,-0.05609508843371447,0.23581357439885187,0.05987773582182187,-0.49883407005462077,,,,,0.2049983532624926,0.05615362078937883,0.14530207465874945,-0.04528633535355085,0.23581357439885187,0.18056744924163576,,,16.950000762939453,-0.4615426113598679,-0.06752696917060104
2014-08-31,2003.3699951171875,4580.27001953125,12.09000015258789,0.4636434018611908,,0.037655295579825276,0.22682598642923946,0.023794935087442733,0.0,0.048171871530799715,0.2758873914691051,0.029658789900297786,-0.02478765328931687,-0.2867256868198952,-0.28924162316824176,0.21865262972882196,-0.7981299002204104,0.11634514131293128,0.3438238081874023,0.0661438448889472,-0.440525849113899,,,,,0.2758873914691051,0.5228981136079602,0.22682598642923946,0.6343051943095007,0.3438238081874023,0.47404434342217266,,,12.09000015258789,-1.1922083649521589,0.10975982159686865
2014-09-30,1972.2900390625,4493.39013671875,16.309999465942383,0.439805805683136,386.9440002441406,-0.015513837249453988,0.17289999214533758,0.025211746773099022,-0.015513837249453988,-0.018968288428853675,0.19141296254747053,0.03012452169228584,-0.043285762361104374,0.34904873946185955,-0.01746993426886101,0.24148137255218993,-0.7276673963573048,-0.051413642645110946,0.20837477267386295,0.06909365915723419,-0.4692904531767339,,,,0.0,0.19141296254747053,-0.11488812894352696,0.17289999214533758,0.10250559975092363,0.20837477267386295,0.10361840061661474,,,16.309999465942383,-0.5025253454130257,-0.10282236849725358
2014-10-31,2018.050048828125,4630.740234375,14.029999732971191,0.4657888114452362,338.3210144042969,0.023201460667203078,0.14887790995370542,0.023526011166596618,0.0,0.030567142731244834,0.18139869544516984,0.02958760935045906,-0.01404174170618211,-0.1397915271384379,0.02036361694335942,0.23930709031758615,-0.7657371869101041,0.05907836009973,0.31093620344588313,0.06868274359450416,-0.4379370034611444,-0.12565897341518484,,,-0.12565897341518484,0.18139869544516984,-0.18806045177868685,0.14887790995370542,-0.14297455185129304,0.31093620344588313,0.3953056042306284,,,14.029999732971191,-0.8396687629216749,-0.1938495405802566
2014-11-30,2067.56005859375,4791.6298828125,13.329999923706055,0.5019922256469727,378.0469970703125,0.02453358864631494,0.14494879943455086,0.023327467670038494,0.0,0.03474382934356379,0.1802364127096321,0.029522069638468405,0.0,-0.0498930735985762,-0.027007291292723612,0.24019617863237924,-0.7774252786850078,0.07772495455484552,0.3682861809550786,0.07036009645863064,-0.3942506825982016,0.11742097290634956,,,-0.022992999421659444,0.1802364127096321,-0.17290488761361297,0.14494879943455086,-0.16902544077931136,0.3682861809550786,0.5866061683067089,,,13.329999923706055,-0.9224514525203164,-0.16944390315163296
2014-12-31,2058.89990234375,4736.0498046875,19.200000762939453,0.47996869683265686,320.1929931640625,-0.004188587515997044,0.11390633786748117,0.02340838751802749,-0.004188587515997044,-0.011599409696555374,0.1339513770485976,0.03002068963955711,-0.011599409696555374,0.44036015550114116,0.3994169379923336,0.26852939297208045,-0.6794122397961146,-0.043872250782234,0.2739580488925437,0.07341735430111614,-0.42082626856242034,-0.15303389354919228,,,-0.17250818474498086,0.1339513770485976,-0.4953645354734848,0.11390633786748117,-0.4528974794019701,0.2739580488925437,0.40488533025802664,,,19.200000762939453,0.038816963541154645,-0.12613993026906842
2015-01-31,1994.989990234375,4635.240234375,20.969999313354492,0.45962101221084595,217.46400451660156,-0.031040805838410623,0.1191524851405299,0.022641160499806273,-0.03509937622258652,-0.02128558069907205,0.1294775594646167,0.03037227562083123,-0.03263809022446984,0.09218742083758436,0.1390548336317472,0.2538586506893858,-0.6498580810308205,-0.04239377433588176,0.2448151207252547,0.07487351519899427,-0.44537962903425565,-0.32083459301317074,,,-0.43799618451405475,0.1294775594646167,-0.5043204987499796,0.1191524851405299,-0.3778795346150094,0.2448151207252547,0.3689765233531407,,,20.969999313354492,0.3391579482465893,-0.04351639044131478
2015-02-28,2104.5,4963.52978515625,13.34000015258789,0.5301186442375183,254.26300048828125,0.0548925108906233,0.13178631060959067,0.02440924444683139,0.0,0.07082471116527045,0.152133564093061,0.03330645257725494,0.0,-0.36385309540318045,-0.047142846243722114,0.2683275831318245,-0.777258302078166,0.15338209123113877,0.22088747864558989,0.07078876753900434,-0.36031079669613986,0.16921879119020078,,,-0.34289457821324243,0.152133564093061,-0.2922673956041205,0.13178631060959067,-0.21416113108761947,0.22088747864558989,0.35346352885435517,,,13.34000015258789,-0.8886152672271199,-0.2603950662661262
2015-03-31,2067.889892578125,4900.8798828125,15.289999961853027,0.502963662147522,244.2239990234375,-0.017396107114219572,0.10444146379802222,0.02572031752763891,-0.017396107114219572,-0.012622046216204552,0.16715677085683267,0.032181670953648836,-0.012622046216204552,0.1461768955742364,0.1015850025782874,0.2701534822342682,-0.7446986121610181,-0.05122434833253975,0.18874640127018183,0.07261990192217564,-0.3930784592707416,-0.03948274599751067,,0.18189656562556927,-0.36883890467523617,0.16715677085683267,-0.11007700160787581,0.10444146379802222,-0.505853923559191,0.18874640127018183,0.2852825863022257,,,15.289999961853027,-0.563544916449416,-0.22354831382856427
2015-04-30,2085.510009765625,4941.419921875,14.550000190734863,0.53348308801651,236.14500427246094,0.008520819822535275,0.1069880112623871,0.025709256181887297,-0.00902351638601806,0.008271991975292936,0.20095948327555813,0.030491444048637458,-0.004454463705923728,-0.04839763067131375,0.08501121225163577,0.27054856966300483,-0.7570545944395229,0.060679186521503725,0.222649160767167,0.07364044517176789,-0.3562509538969125,-0.033080265589301217,,0.16633082234939578,-0.3897178813382136,0.20095948327555813,0.28285030393975286,0.1069880112623871,-0.44954313471666846,0.222649160767167,0.4259944744258627,,,14.550000190734863,-0.6625465480860073,-0.10081122610926506
2015-05-31,2107.389892578125,5070.02978515625,13.84000015258789,0.5342622399330139,230.19000244140625,0.010491382304589791,0.09556187267517191,0.02543222391515218,0.0,0.026026904273387386,0.1950232745601681,0.03029336533878792,0.0,-0.04879725284121206,0.21403514172855642,0.26565882859008666,-0.7689096628212684,0.0014604997496749927,0.18482260441909681,0.07366045949841957,-0.3553107585762255,-0.02521756430715716,,0.15435355217851346,-0.40510770991107536,0.1950232745601681,0.23558464074516344,0.09556187267517191,-0.5813751672247253,0.18482260441909681,0.28682781618697295,,,13.84000015258789,-0.7564425260176638,-0.20385130907756316
2015-06-30,2063.110107421875,4986.8701171875,18.229999542236328,0.4854956269264221,263.0719909667969,-0.021011671979729973,0.05248370241155231,0.026448210391546118,-0.021011671979729973,-0.01640220501509093,0.13127638125719088,0.03058309680090825,-0.01640220501509093,0.3171964841942265,0.5756266225652042,0.27640041763993656,-0.6956086203369163,-0.09127841977510176,0.10338727518199708,0.07936385435538847,-0.41415697377939675,0.14284716180825696,,0.15822914740298835,-0.3201290346902581,0.13127638125719088,-0.4428511688800999,0.05248370241155231,-1.1259338081770207,0.10338727518199708,-0.03789767261617794,,,18.229999542236328,0.0308220388265708,-0.3939651527116819
2015-07-31,2103.840087890625,5128.27978515625,12.119999885559082,0.4816328287124634,284.6499938964844,0.019742029435184882,0.08969427193858603,0.02600054663745128,-0.0016844555912514103,0.028356396827215136,0.17358116382206457,0.030309218290366088,0.0,-0.3351618107571117,-0.28495579114904757,0.26959301392206203,-0.797628986323651,-0.007956401664034218,0.15965948414582032,0.07683877311033761,-0.41881817620808126,0.08202318631636807,,0.15331058347829285,-0.2643638518315681,0.17358116382206457,0.0033005488340141294,0.08969427193858603,-0.6299516525709308,0.15965948414582032,0.1530973698378028,,,12.119999885559082,-1.0363335948980386,-0.3774718321992881
2015-08-31,1972.1800537109375,4776.509765625,28.43000030517578,0.5449956655502319,230.05599975585938,-0.06258081825586559,-0.015568737418584333,0.0310411977233597,-0.06415985923790091,-0.06859415520764767,0.04284458017910331,0.036413983072555826,-0.06859415520764767,1.3457096182855564,1.3515301858032052,0.45591589315864356,-0.5252963667571902,0.13155838443810985,0.17546300316681096,0.07876348520965164,-0.3423588344052222,-0.19179341405669803,,0.1545356373442836,-0.4054540201923107,0.04284458017910331,-1.3908091763086015,-0.015568737418584333,-1.9665121438953066,0.17546300316681096,0.1860060471196528,,,28.43000030517578,1.873534181130958,-0.32444527298832426
2015-09-30,1920.030029296875,4620.16015625,24.5,0.5976042151451111,236.05999755859375,-0.026442831280001466,-0.026497121990468497,0.0316642234886251,-0.08890612218512584,-0.03273302412154533,0.028212555703837072,0.03741022004597516,-0.09908188519218408,-0.13823426883538625,0.502145971933323,0.4575022174504645,-0.5909166764120113,0.096530216514227,0.35879110148823967,0.07877747005390248,-0.27887659030168965,0.026097984008702113,-0.38993756871885155,0.1483728377713948,-0.38993756871885155,0.028212555703837072,-1.5060054070002087,-0.026497121990468497,-2.0195011408404806,0.35879110148823967,0.8998912466745396,-0.38993756871885155,,24.5,1.1682089617272784,-0.3643515848597178
2015-10-31,2079.360107421875,5053.75,15.069999694824219,0.6877903342247009,314.1659851074219,0.08298311781266654,0.030380841460970087,0.03964723882306234,-0.013300711584015024,0.0938473622312539,0.09134819579921705,0.045286025531549846,-0.014533096531116674,-0.38489797163982775,0.0741268696826114,0.47441118302557683,-0.7483720178927075,0.1509127894248381,0.476614116364549,0.08612147973975785,-0.17004984502456721,0.33087345741177954,-0.0713967748630876,0.17715497929755167,-0.18808410284382182,0.09134819579921705,-0.8171325339106009,0.030380841460970087,-1.2684658871666572,0.476614116364549,1.333338918132625,-0.0713967748630876,,15.069999694824219,-0.48890058007093157,-0.31029002075389117
2015-11-30,2080.409912109375,5108.669921875,16.1299991607666,0.7719264030456543,377.3210144042969,0.0005048691103348713,0.0062149844026127,0.03907495918368146,-0.012802557592104358,0.010867162379421202,0.0661653856446045,0.0445337729847229,-0.003823867671574943,0.07033838668931347,0.21005245709574472,0.47266111166844743,-0.730672911585393,0.12232807679071889,0.5377258124880075,0.08898702231084162,-0.06852363873426348,0.2010244020379246,-0.0019203503047019455,0.18335256978271164,-0.024869195112915965,0.0661653856446045,-1.0533247527021639,0.0062149844026127,-1.5260717393043235,0.5377258124880075,1.5185349813745426,-0.0019203503047019455,,16.1299991607666,-0.2808450671644999,-0.33542664444911113
2015-12-31,2043.93994140625,5007.41015625,18.209999084472656,0.8021025061607361,430.5669860839844,-0.017530185032692547,-0.007265997205823549,0.03943059598643364,-0.030108311421315648,-0.019821160335963817,0.05729676898539404,0.044895069349149115,-0.02356923451331694,0.12895226484358968,-0.051562585371232594,0.4601218165269634,-0.6959425735505997,0.03909194321637566,0.671155872151372,0.08501151290633886,-0.03211041771226719,0.14111583942323125,0.3447108315183143,0.17833461694459668,0.0,0.05729676898539404,-1.1138499807651216,-0.007265997205823549,-1.6238700600832932,0.671155872151372,1.955049495435746,0.3447108315183143,,18.209999084472656,0.09060117130952586,-0.17301734352578574
2016-01-31,1940.239990234375,4613.9501953125,20.200000762939453,0.7127909064292908,368.7669982910156,-0.0507353220469523,-0.02744374671953509,0.04121388342818183,-0.0793160785920175,-0.07857554078057749,-0.004593082124333625,0.05068260266970974,-0.10029280994622625,0.109280712713689,-0.036719054631760284,0.46023973504566645,-0.6627149612823192,-0.11134686532639737,0.5508231510144841,0.0935036934845971,-0.1398818886820824,-0.1435316449945243,0.6957610943969503,0.15094118244957164,-0.1435316449945243,-0.004593082124333625,-1.6748820203509285,-0.02744374671953509,-1.7778161196719806,0.5508231510144841,1.4867950393232616,0.6957610943969503,,20.200000762939453,0.44492034738147146,-0.380245688329544
2016-02-29,1932.22998046875,4557.9501953125,20.549999237060547,0.7659460306167603,437.6969909667969,-0.0041283603090035426,-0.08185793277797582,0.03719164145083753,-0.083116993550296,-0.01213710543665869,-0.08171192828471818,0.04567097522467886,-0.11121265097402888,0.017326656480292302,0.5404796853074962,0.4405691538399626,-0.6568709392805159,0.07457323558425966,0.44485774824697555,0.08748001164745381,-0.07574009813648286,0.1869201772263378,0.7214340667979726,0.15223971965207148,0.0,-0.08171192828471818,-2.299381765152528,-0.08185793277797582,-2.2613921673811115,0.44485774824697555,1.0674850838185628,0.7214340667979726,,20.549999237060547,0.500009964049713,-0.7483197211663408
2016-03-31,2059.739990234375,4869.85009765625,13.949999809265137,0.8702375888824463,416.72900390625,0.06599111444005845,-0.003941168421491281,0.042390382621573235,-0.02261086214352881,0.0684298618849577,-0.00633147228624642,0.05037422761926871,-0.0503930554350841,-0.3211678672908539,-0.08763898992354824,0.45632571442357317,-0.7670729679173065,0.1361604526910436,0.7302196050640353,0.08748968154227185,0.0,-0.0479052575029868,0.7063392851341268,0.15274096544721502,-0.0479052575029868,-0.00633147228624642,-1.5130800978126115,-0.003941168421491281,-1.3481117295796277,0.7302196050640353,2.057263798019994,0.7063392851341268,,13.949999809265137,-0.665721392997787,-0.367412355592508
2016-04-30,2065.300048828125,4775.35986328125,15.699999809265137,0.8677949905395508,448.3179931640625,0.0026993982833325436,-0.009690656406761256,0.0423233007211443,-0.019972499582651237,-0.019403109434616095,-0.03360573705922554,0.050625345736187134,-0.06881838290034858,0.1254480303890546,0.07903777343333429,0.4553527236177609,-0.7378527305181644,-0.0028068177864303268,0.6266588576706571,0.08871109271883629,-0.0028068177864303268,0.07580223349397341,0.898486036345699,0.15019513542312982,0.0,-0.03360573705922554,-1.6963235877583522,-0.009690656406761256,-1.3610855225845866,0.6266588576706571,1.6113473359677966,0.898486036345699,,15.699999809265137,-0.3574215527970971,-0.45087083179305987
2016-05-31,2096.949951171875,4948.0498046875,14.1899995803833,1.144066333770752,531.385986328125,0.015324602525288444,-0.0049539676749033035,0.04245502562893276,-0.0049539676749033035,0.036162707387583426,-0.024059026403725703,0.05121077883676948,-0.03514433455647714,-0.09617835969594923,0.025288975717963735,0.4567161154148802,-0.7630656248956993,0.3183601498545523,1.1413947089245826,0.11718996274871882,0.0,0.1852881089554299,1.308466834754853,0.1510095823060983,0.0,-0.024059026403725703,-1.5452965602559894,-0.0049539676749033035,-1.267159781479604,1.1413947089245826,3.1863939552874787,1.308466834754853,,14.1899995803833,-0.6216468014709603,-0.061927296979768814
2016-06-30,2098.860107421875,4842.669921875,15.630000114440918,1.1511677503585815,673.3369750976562,0.0009109212401243738,0.017328207482185443,0.04191811747328475,-0.004047559109156995,-0.021297255883048982,-0.028915971726535816,0.051365327742148165,-0.05569311255363729,0.10147995607049332,-0.1426220237565876,0.4502971633063881,-0.7390215349185252,0.006207172065297861,1.3711186806076903,0.10790281107732817,0.0,0.26713348191662334,1.5595160192581665,0.15955305707762027,0.0,-0.028915971726535816,-1.5377328219665787,0.017328207482185443,-0.9999615044082059,1.3711186806076903,3.519286028237379,1.5595160192581665,,15.630000114440918,-0.36252800483718906,0.15476592425635127
2016-07-31,2173.60009765625,5162.1298828125,11.869999885559082,1.398248553276062,624.6810302734375,0.035609800753315435,0.03315841834517408,0.0427625885823528,0.0,0.06596773393421995,0.006600672949675701,0.054393788247980995,0.0,-0.24056303271603208,-0.020627062901037996,0.4436843084182399,-0.8018033059520998,0.2146349242675678,1.9031421238746615,0.11060637913956645,0.0,-0.07226091336683538,1.1945583828138377,0.1665587834594721,-0.07226091336683538,0.006600672949675701,-1.1725198713764617,0.03315841834517408,-0.7991760940242395,1.9031421238746615,4.236407389148571,1.1945583828138377,,11.869999885559082,-0.9985445206214574,0.3165417257816031
2016-08-31,2170.949951171875,5213.22021484375,13.420000076293945,1.5048441886901855,575.4719848632812,-0.0012192428990193127,0.10078689168715793,0.037478059777623134,-0.0012192428990193127,0.009897141914494867,0.09142877763207236,0.049660464860482444,0.0,0.13058131471598222,-0.5279634213070765,0.1892073644250133,-0.7759225210709637,0.07623511225123214,1.7612039577798897,0.11023357426369484,0.0,-0.07877467543494365,1.501443063749631,0.15239204419762897,-0.14534325880467402,0.09142877763207236,-0.38586652095131985,0.10078689168715793,-0.044707759102127986,1.7612039577798897,3.4199716621477614,1.501443063749631,,13.420000076293945,-0.7040464048390891,0.5713377443138061
2016-09-30,2168.27001953125,5312.0,13.289999961853027,1.6809905767440796,609.7349853515625,-0.0012344511393173052,0.1292896394569838,0.036009076677582984,-0.002452188942550837,0.018947940252934448,0.1497436929354281,0.04797826163611212,0.0,-0.009687042749765618,-0.4575510219651826,0.18685516261515647,-0.778093169188609,0.11705290778788968,1.8128827309825772,0.11044543624579829,0.0,0.05953895478755822,1.5829661596951294,0.1514336635142064,-0.09445788973176372,0.1497436929354281,0.12598414759379342,0.1292896394569838,0.24754038046195384,1.8128827309825772,3.1628648692139394,1.5829661596951294,,13.289999961853027,-0.8226281292900872,0.6784403169948998
2016-10-31,2126.14990234375,5189.14013671875,17.059999465942383,1.745756983757019,700.9719848632812,-0.01942567890903446,0.022502016247627266,0.02873892344554229,-0.02183023241656301,-0.02312873932252446,0.026790034473163526,0.04143893599547217,-0.02312873932252446,0.28367189728446807,0.13205041880668578,0.17063107373501052,-0.7151444374719582,0.038528715097490895,1.538210987982103,0.11004820014349742,0.0,0.14963386012549873,1.2312154023408994,0.1334215785796011,0.0,0.026790034473163526,-0.9906277861555942,0.022502016247627266,-0.9341931185490182,1.538210987982103,2.4174080264000004,1.2312154023408994,,17.059999465942383,0.16981130877004286,0.16559960761635767
2016-11-30,2198.81005859375,5323.68017578125,13.329999923706055,2.2653143405914307,745.6909790039062,0.034174521829295035,0.056911931535803095,0.030163413978663563,0.0,0.025927231779786508,0.042087325506310336,0.041924316694240654,0.0,-0.21864007379851846,-0.17358954635726542,0.18354725985672696,-0.7774252786850078,0.2976115012962912,1.9346247668865555,0.12584373358309112,0.0,0.06379569384552086,0.9762773620790266,0.12757783096538566,0.0,0.042087325506310336,-0.8491952921433816,0.056911931535803095,-0.551780945520632,1.9346247668865555,2.9031357674754252,0.9762773620790266,,13.329999923706055,-0.8427966680378696,0.16484071544338552
2016-12-31,2238.830078125,5383.1201171875,14.039999961853027,2.6225569248199463,963.7429809570312,0.01820076244186586,0.09535022667283655,0.0294892939500365,0.0,0.011165197653431047,0.07503079420577463,0.04125604574642213,0.0,0.05326331899554693,-0.22899502099235758,0.180012365142258,-0.7655702103032624,0.15770110921349945,2.2696032049230412,0.12525077713898747,0.0,0.2924160384029304,1.2383113710651474,0.14234515021841726,0.0,0.07503079420577463,-0.5709191814206988,0.09535022667283655,-0.14379233792850526,2.2696032049230412,3.1494648678097237,1.2383113710651474,,14.039999961853027,-0.6100677633751278,0.45617139627134795
2017-01-31,2278.8701171875,5614.7900390625,11.989999771118164,2.6825058460235596,970.4030151367188,0.01788435819838252,0.17453002136721207,0.023000701631084974,0.0,0.043036364939231575,0.2169160483714787,0.03234346080747756,0.0,-0.14601140999321627,-0.4064356773136374,0.18030815504747283,-0.7997996344412962,0.022858958993894563,2.7633839346541462,0.10854341234493506,0.0,0.0069105916320904015,1.6314800934841704,0.1268224846540435,0.0,0.2169160483714787,0.7166718029827145,0.17453002136721207,0.7212364515700643,2.7633839346541462,3.4983530455113674,1.6314800934841704,,11.989999771118164,-1.1949943967349022,0.935316725832311
2017-02-28,2363.639892578125,5825.43994140625,12.920000076293945,2.496466875076294,1179.969970703125,0.03719816006681631,0.22327047839549463,0.023176543752578303,0.0,0.03751696873404775,0.27808328125157344,0.0314457453026893,0.0,0.07756466413085272,-0.37128951065878435,0.1824710429364166,-0.7842711603278614,-0.06935268052557741,2.2593247765329783,0.12138354951019997,-0.06935268052557741,0.21595868139061847,1.695860367001326,0.12908208742400934,0.0,0.27808328125157344,1.2394858821440213,0.22327047839549463,1.228235400475101,2.2593247765329783,2.5521366169026694,1.695860367001326,,12.920000076293945,-0.8821915605152546,1.0344165847516344
2017-03-31,2362.719970703125,5911.740234375,12.369999885559082,2.679741382598877,1071.7900390625,-0.0003891971352694146,0.14709622666221778,0.017753679092449723,-0.0003891971352694146,0.014814382061574705,0.21394706527418328,0.027695129836061958,0.0,-0.04256967395410638,-0.11326164482501788,0.15682400756761206,-0.793454666695202,0.07341355471299083,2.079321574743955,0.12147896411507962,-0.0010305526188435499,-0.09168024129983776,1.5719113117061,0.1339565950568815,-0.09168024129983776,0.21394706527418328,0.6328541424393046,0.14709622666221778,0.3573047137523824,2.079321574743955,2.1647399040921904,1.5719113117061,,12.369999885559082,-1.0243203291933058,0.5326446077726429
2017-04-30,2384.199951171875,6047.60986328125,10.819999694824219,2.565840244293213,1347.8900146484375,0.009091208748854607,0.15440850956484375,0.017555688615046913,0.0,0.02298301743980713,0.26641971211062,0.02527872619906876,0.0,-0.12530316936739472,-0.31082803654309943,0.15551168909686244,-0.8193354515763381,-0.04250452638649782,1.9567354873734684,0.1251432831228761,-0.04349127585436097,0.2576064019287243,2.006549001380758,0.14229068116052798,0.0,0.26641971211062,1.0768505978479566,0.15440850956484375,0.4184569153393005,1.9567354873734684,1.9041794457816454,2.006549001380758,,10.819999694824219,-1.4357435893399562,0.4909358424072366
2017-05-31,2411.800048828125,6198.52001953125,10.40999984741211,3.554835081100464,2286.409912109375,0.011576251246328662,0.15014669161765015,0.017527920547608256,0.0,0.024953685780273016,0.2527198116840146,0.0248371283270221,0.0,-0.037892778093906454,-0.26638476707193015,0.1537952411717509,-0.8261813332191918,0.3854467708996745,2.107193154949337,0.1367056376366771,0.0,0.6962881891411046,3.302729034893182,0.2224872008431185,0.0,0.2527198116840146,0.9216074727513688,0.15014669161765015,0.34446275963832795,2.107193154949337,2.006475572468547,3.302729034893182,,10.40999984741211,-1.543733583944925,0.43220305522832964
2017-06-30,2423.409912109375,6140.419921875,11.180000305175781,3.5600059032440186,2480.840087890625,0.004813775207812565,0.1546314609248347,0.017341406678899846,0.0,-0.009373220941963467,0.26798233638387914,0.02325648016836846,-0.009373220941963467,0.07396738415467818,-0.28470887886646135,0.15210471915114163,-0.8133244211201618,0.0014545884761421046,2.092517056819129,0.13702906725561748,0.0,0.08503732193929925,2.6843960448344912,0.2197577276207566,0.0,0.26798233638387914,1.0271740743825633,0.1546314609248347,0.37566238308350886,2.092517056819129,1.8922194823652416,2.6843960448344912,,11.180000305175781,-1.262100941212744,0.5082387496546424
2017-07-31,2470.300048828125,6348.1201171875,10.260000228881836,4.00205135345459,2875.340087890625,0.019348826001101882,0.13650162764153384,0.01592224216108649,0.0,0.03382508003606999,0.22974823596047012,0.018964110744571636,0.0,-0.0822898077979507,-0.1356360296714033,0.1370554890248332,-0.8286859186267548,0.1241698643835849,1.862188803326763,0.13294206499840464,0.0,0.15901871383230914,3.602893234379186,0.21014278742524375,0.0,0.22974823596047012,0.6527005370719889,0.13650162764153384,0.15081752222461228,1.862188803326763,1.5318716954455194,3.602893234379186,,10.260000228881836,-1.4841688364971977,0.2128052295612307
2017-08-31,2471.64990234375,6428.66015625,10.59000015258789,4.17638635635376,4703.39013671875,0.000546433019853243,0.13851077083078667,0.01580847297364521,0.0,0.01268722670266409,0.23314571249944382,0.018878704512047456,0.0,0.032163734536487354,-0.2108792777658154,0.13111103702880858,-0.8231758179911036,0.04356141076217912,1.775294869556483,0.13377268102083514,0.0,0.6357682892979797,7.1731000994534355,0.23835985480841526,0.0,0.23314571249944382,0.6749672700801803,0.13851077083078667,0.1775485763874731,1.775294869556483,1.369255332246655,7.1731000994534355,3.6724042604629354,10.59000015258789,-1.3348784659460675,0.9118593946462354
2017-09-30,2519.360107421875,6495.9599609375,9.510000228881836,4.406353950500488,4338.7099609375,0.019302978562167672,0.161921755467765,0.015473822021465132,0.0,0.010468714016881098,0.22288402879094504,0.01898935785214398,0.0,-0.10198299415908263,-0.28442435995644244,0.13365738660171061,-0.8412088775121014,0.0550637739242843,1.621284147252735,0.13407511470470496,0.0,-0.07753559989298775,6.115730711164418,0.24930397164180565,-0.07753559989298775,0.22288402879094504,0.5967717347084044,0.161921755467765,0.4862963383366297,1.621284147252735,1.1361209687575238,6.115730711164418,2.4973490172110875,9.510000228881836,-1.5900140110146543,0.6253048095997983
2017-10-31,2575.260009765625,6727.669921875,10.180000305175781,5.097487926483154,6468.39990234375,0.02218813506615125,0.21123162902427572,0.011862949937218733,0.0,0.035669856700295766,0.296490313350664,0.014795916864132657,0.0,0.07045216195254733,-0.40328249567073216,0.09949637318222208,-0.8300216996339572,0.15684940060345465,1.9199298492926102,0.13424318699930102,0.0,0.49085787263504255,8.227758087372575,0.2622319598515646,0.0,0.296490313350664,1.2347823303016197,0.21123162902427572,1.052789966833402,1.9199298492926102,1.4546698191267344,8.227758087372575,2.918135175420585,10.180000305175781,-1.345871934017173,1.0629010715330336
2017-11-30,2647.580078125,6873.97021484375,11.279999732971191,4.950572490692139,10233.599609375,0.028082627806563343,0.20409676487393424,0.011129711726465322,0.0,0.021746056906426947,0.29120645641245635,0.014743468121454903,0.0,0.10805495037521173,-0.15378846230067456,0.08955801375486909,-0.8116547028230416,-0.028821144436211532,1.1853799280675714,0.12330288518867308,-0.028821144436211532,0.5820913616777115,12.723646788707352,0.2751178207558506,0.0,0.29120645641245635,1.15147420014223,0.20409676487393424,0.9469163284805846,1.1853799280675714,0.5191823398475569,12.723646788707352,3.511165251512272,11.279999732971191,-0.9977167737772528,1.0262042692410782
2017-12-31,2673.610107421875,6903.39013671875,11.039999961853027,4.772736072540283,14156.400390625,0.009831630594270502,0.1941996552328793,0.011217467315376721,0.0,0.004279902437090977,0.2824142851052598,0.015310587713413029,0.0,-0.02127657595741339,-0.21367521425577374,0.0873247142595776,-0.8156620458446487,-0.03592239452835322,0.8198789232641572,0.12392417356449045,-0.0637082144433686,0.3833256069209823,13.688978981270699,0.2770045084865857,0.0,0.2824142851052598,1.0434405275452316,0.1941996552328793,0.8133627322536673,0.8198789232641572,0.04177453920061333,13.688978981270699,3.033309862821289,11.039999961853027,-1.0315075083975513,0.78007603068465
2018-01-31,2823.81005859375,7411.47998046875,13.539999961853027,6.0627288818359375,10221.099609375,0.05617870412552817,0.2391272487608005,0.016383634487109926,0.0,0.07360004775733286,0.3199923646131999,0.020843085865351878,0.0,0.2264492761447785,0.1292744137050399,0.10197756668601818,-0.7739188495601601,0.27028370932085855,1.2600990379286916,0.13753032973050283,0.0,-0.2779873889308847,9.532839912842773,0.3123631614261962,-0.2779873889308847,0.3199923646131999,1.331232614518358,0.2391272487608005,1.3037678715590044,1.2600990379286916,0.5753348210478558,9.532839912842773,1.7395188943433932,13.539999961853027,-0.31155000787736814,0.9276608387182484
2018-02-28,2713.830078125,7273.009765625,19.850000381469727,5.972711563110352,10397.900390625,-0.0389473718793677,0.14815716499221354,0.022087369054708875,-0.0389473718793677,-0.018683207025945725,0.24849107342600285,0.023567107659871973,-0.018683207025945725,0.46602662019159546,0.5363777294313783,0.16555732790638472,-0.6685590151316538,-0.014847656967686529,1.3924657774310827,0.13305577556924852,-0.014847656967686529,0.01729762824029568,7.812004244844518,0.31979057332571775,-0.26549828319980595,0.24849107342600285,0.6746994255293219,0.14815716499221354,0.24121268874296722,1.3924657774310827,0.7181187660565824,7.812004244844518,1.2252506348746892,19.850000381469727,1.447980467364675,0.8614523965136472
2018-03-31,2640.8701171875,7063.4501953125,19.969999313354492,5.715785503387451,6973.52978515625,-0.02688449860055664,0.11772455048983232,0.024598393144933388,-0.06478478991513814,-0.028813321728640817,0.1948174167465362,0.02732297669888468,-0.046958203499625206,0.006045286124870097,0.6143896118113761,0.16374718610676733,-0.666555359544616,-0.04301665282311129,1.1329616135733764,0.13792240353279686,-0.05722561328578224,-0.3293328919130871,5.506432725626029,0.34818477710012946,-0.5073938577087412,0.1948174167465362,0.17998015039932122,0.11772455048983232,-0.11237069154670962,1.1329616135733764,0.35995096125304593,5.506432725626029,0.6024897229989901,19.969999313354492,1.4259523732941406,0.49120050327975767
2018-04-30,2648.050048828125,7066.27001953125,15.930000305175781,5.550673484802246,9240.5498046875,0.0027187749953683227,0.11066609473193023,0.024678888786209364,-0.06224215018667123,0.000399213435471113,0.16844012416126763,0.027521122070897203,-0.04657773640989671,-0.20230341247318184,0.4722736371976006,0.17256388967574648,-0.7340123481796333,-0.028887021475412555,1.1632966031878715,0.136941400923384,-0.08445955724126475,0.3250893147910252,5.855566629520332,0.3494159551593471,-0.3472528644494257,0.16844012416126763,-0.06758608585191883,0.11066609473193023,-0.1880016539954548,1.1632966031878715,0.37886095268336484,5.855566629520332,0.6798485195945805,15.930000305175781,0.29592595371442687,0.21980953722899974
2018-05-31,2705.27001953125,7442.1201171875,15.430000305175781,6.228055000305176,7494.169921875,0.0216083418545836,0.12168088761990026,0.024940301250035365,-0.041978757991085525,0.05318932005391752,0.2006285522572684,0.02971835457637221,0.0,-0.0313873189216165,0.48222867736272135,0.1722905430115084,-0.7423609874365311,0.12203591462506336,0.7519954817080201,0.09802210222741131,0.0,-0.18899090635565918,2.277701816364633,0.3337779739486413,-0.47061613721818907,0.2006285522572684,0.2251831365565901,0.12168088761990026,-0.037131979863857786,0.7519954817080201,-0.17742615413095503,2.277701816364633,-0.2795236373769448,15.430000305175781,0.1615865179373743,-0.02146242337555864
2018-06-30,2718.3701171875,7510.2998046875,16.09000015258789,5.850456237792969,6404.0,0.00484243626760783,0.12171288216832732,0.024939771352566906,-0.03733960118364288,0.009161325862309111,0.22309221522983425,0.028760147475836186,0.0,0.04277380650412055,0.43917707633147596,0.1720542936229987,-0.7313407861652286,-0.06062868142521294,0.643383858566583,0.1024603522865615,-0.06062868142521294,-0.14546906905498158,1.5813836334147222,0.34434620289544254,-0.5476251149097892,0.22309221522983425,0.41719718501978476,0.12171288216832732,-0.025549508021769345,0.643383858566583,-0.33862187607644156,1.5813836334147222,-0.46159092492639814,16.09000015258789,0.348804338821642,-0.011952157036636457
2018-07-31,2816.2900390625,7671.7900390625,12.829999923706055,6.047036647796631,7780.43994140625,0.03602155617289915,0.1400599050299609,0.0259575829649643,-0.0026630755522539795,0.021502501707615806,0.20851368553836447,0.02833307176486112,0.0,-0.2026103292707242,0.2504872941025562,0.18315028554042137,-0.7857739179419055,0.03360086837908227,0.510984271247994,0.09952494521112204,-0.02906498939069657,0.2149344068404513,1.7059198924583736,0.34513461060497425,-0.4503941873134074,0.20851368553836447,0.2904242830439875,0.1400599050299609,0.21002939032184154,0.510984271247994,-0.5299698973274393,1.7059198924583736,-0.42004222895805876,12.829999923706055,-0.5533832735927446,-0.20058834530248273
2018-08-31,2901.52001953125,8109.5400390625,12.859999656677246,6.935434818267822,7037.580078125,0.030263211276748248,0.17392030998398034,0.02625517595081772,0.0,0.05705969503481012,0.2614665952093196,0.030626071007111684,0.0,0.002338248881495364,0.2143531134449166,0.1833604850577839,-0.7852730040451461,0.14691463310295938,0.6606305610869969,0.10430290825869568,0.0,-0.09547787385747553,0.4962781894666861,0.3117855695211505,-0.5028693817684332,0.2614665952093196,0.7496441332556232,0.17392030998398034,0.6116873791644727,0.6606305610869969,-0.34414289776561025,0.4962781894666861,-0.7424701836616293,12.859999656677246,-0.5262809442929818,-0.05031250266002507
2018-09-30,2913.97998046875,8046.35009765625,12.119999885559082,6.943835258483887,6625.56005859375,0.0042942874264617625,0.1566349613476652,0.026324887492261986,0.0,-0.007792049993202155,0.2386699034541151,0.03157963270129347,-0.007792049993202155,-0.057542752011967346,0.2744479068203054,0.18087973900732257,-0.797628986323651,0.0012112348304302856,0.5758686969972493,0.10511352566336814,0.0,-0.058545695389234265,0.5270806572104008,0.31098870738325596,-0.5319742395120802,0.2386699034541151,0.5402894563162892,0.1566349613476652,0.4076896080981397,0.5758686969972493,-0.47168549306450697,0.5270806572104008,-0.7187239154906055,12.119999885559082,-0.7095563345959139,-0.1903973357473195
2018-10-31,2711.739990234375,7305.89990234375,21.229999542236328,5.2094807624816895,6317.60986328125,-0.0694033560936963,0.05299658285035491,0.03508591151983882,-0.0694033560936963,-0.09202311437184163,0.08594803062329759,0.04422800729081532,-0.09909811565732829,0.751650143786863,1.0854615821025502,0.27552054717672275,-0.6455167847955299,-0.24976895785123732,0.0219702013253813,0.12816857759907943,-0.24976895785123732,-0.046479119136965674,-0.02331179910627712,0.2833574099133091,-0.5537276645929672,0.08594803062329759,-0.7967834257706421,0.05299658285035491,-0.8039841365944254,0.0219702013253813,-1.2188241635463761,-0.02331179910627712,-0.8548287023608516,21.229999542236328,1.7346358385016338,-0.38795691795413234
2018-11-30,2760.169921875,7330.5400390625,18.06999969482422,4.042297840118408,4017.2685546875,0.01785935665477978,0.042525566905510015,0.03459204346163458,-0.052783498728432465,0.0033726354108472023,0.06642010511375607,0.044018943069669525,-0.09605970206049519,-0.1488459687022321,0.6019503654779359,0.28390150863061653,-0.698280182351321,-0.22404976149816114,-0.18346860939445508,0.14476933172913825,-0.4178580439131845,-0.3641157587086258,-0.607443254765676,0.24538371486734945,-0.7162224545903693,0.06642010511375607,-0.9434425279663893,0.042525566905510015,-0.9058328210588804,-0.18346860939445508,-1.4678321067185964,-0.607443254765676,-0.9947642788029494,18.06999969482422,0.8569912713986049,-0.6909760926296421
2018-12-31,2506.85009765625,6635.27978515625,25.420000076293945,3.3020052909851074,3742.700439453125,-0.09177689467997252,-0.0623725984962068,0.044156786116416206,-0.1397160878047653,-0.094844343009027,-0.03883749089254507,0.052842736918954386,-0.1817933257379516,0.40675154983953776,1.3025362467507908,0.2980273038479461,-0.5755551789054182,-0.1831365669758802,-0.3081525479728404,0.15342870391269922,-0.5244695232435475,-0.0683469654808112,-0.7356177886907107,0.2046033551531925,-0.7356177886907107,-0.03883749089254507,-1.8475156418823546,-0.0623725984962068,-2.1426934478392443,-0.3081525479728404,-1.5936556385459626,-0.7356177886907107,-1.0049970799470482,25.420000076293945,2.611737726301304,-0.7954248163826613
2019-01-31,2704.10009765625,7281.740234375,16.56999969482422,3.5555293560028076,3457.792724609375,0.07868440166582613,-0.04239306414154331,0.047329276688481255,-0.07202516291094707,0.09742776041862511,-0.01750524138709797,0.056277390241062306,-0.10207728190502863,-0.3481510761175416,0.22378136938757565,0.3219320190009833,-0.7233261001220143,0.07677881852880519,-0.4135430718904076,0.12835971870886098,-0.4879588550637476,-0.07612356891843053,-0.6617005159173073,0.1953644879783521,-0.7557435061741204,-0.01750524138709797,-1.5910070715553823,-0.04239306414154331,-1.8083275518068473,-0.4135430718904076,-1.683607656070876,-0.6617005159173073,-0.9606305512864589,16.56999969482422,0.3874831414950203,-1.131217937844909
2019-02-28,2784.489990234375,7532.52978515625,14.779999732971191,3.819417715072632,3854.785400390625,0.029728889343927145,0.026036969918984187,0.046676992337316744,-0.0444375016651779,0.03444088126040867,0.03568261667375183,0.056761789659239385,-0.07115203219009636,-0.10802655370067082,-0.2554156448899344,0.2973493964449611,-0.7532142280247576,0.07421914788139805,-0.3605219882602818,0.13216942959941222,-0.4499555976063635,0.11481101020191953,-0.629272713184847,0.2011749006161076,-0.7277001713695923,0.03568261667375183,-1.079644474640562,0.026036969918984187,-0.9424314474905312,-0.3605219882602818,-1.566110786894341,-0.629272713184847,-0.9300656109144565,14.779999732971191,-0.06987580937768624,-0.9176256258635155
2019-03-31,2834.39990234375,7729.31982421875,13.710000038146973,4.445836544036865,4105.404296875,0.01792425624958849,0.07328258360632933,0.0458395202397272,-0.0273097545825276,0.026125358236259277,0.09426974219314799,0.056048424600149464,-0.04688554628404118,-0.07239510921216497,-0.3134701797922088,0.2982863450490878,-0.7710803109389136,0.1640089866296075,-0.22218275311380264,0.14307745286701903,-0.3597433725684951,0.06501500614248945,-0.4112874794607314,0.18468295950189226,-0.7099965963385875,0.09426974219314799,-0.5109829377844323,0.07328258360632933,-0.3371148613176693,-0.22218275311380264,-1.357894105949845,-0.4112874794607314,-0.8504020243691178,13.710000038146973,-0.3406281881694138,-0.6794044235180957
2019-04-30,2945.830078125,8095.39013671875,13.119999885559082,4.481490135192871,5350.7265625,0.03931349831373798,0.11245256842054596,0.04674460986550003,0.0,0.047361258276953366,0.14563837984438766,0.057024206357045665,-0.001744846474102335,-0.04303429255625546,-0.17639675868077087,0.29180900787732417,-0.7809317078098554,0.008019546108555708,-0.19262227413246358,0.14304626753885,-0.3546088050234998,0.3033373026312973,-0.42095149362371165,0.18098298765270895,-0.6220277461180392,0.14563837984438766,-0.013892874935291677,0.11245256842054596,0.1671873498981117,-0.19262227413246358,-1.294188823898861,-0.42095149362371165,-0.8365889657091745,13.119999885559082,-0.48882465157465665,-0.49326159324397445
2019-05-31,2752.06005859375,7453.14990234375,18.709999084472656,3.3577654361724854,8574.501953125,-0.0657777313668354,0.01729588496700507,0.05134329481442395,-0.0657777313668354,-0.07933406834365553,0.0014820756696438675,0.06119545492752625,-0.08094048904833218,0.4260670158287405,0.21257282659914423,0.31409100178340327,-0.6875939342937021,-0.25074800236551753,-0.46086451773339276,0.15250769938761521,-0.5164393579081514,0.6024930171574245,0.14415632985536941,0.24880614619901406,-0.3943021024749047,0.0014820756696438675,-1.327773743704816,0.01729588496700507,-0.9968505889082815,-0.46086451773339276,-1.581333248694017,0.14415632985536941,-0.6636062394395451,18.709999084472656,0.8981960470623547,-0.7342735547368611
2019-06-30,2941.760009765625,8006.240234375,15.079999923706055,4.070913791656494,10817.1552734375,0.0689301639982407,0.08217787973966195,0.05480676731288688,-0.0013816371791429694,0.07420893706395515,0.06603470468355499,0.06468151794514622,-0.012738059642090627,-0.19401386095091377,-0.06277192164720946,0.32219921534981905,-0.7482050412858657,0.2123877826013143,-0.3041715677900346,0.1684582280668336,-0.413736985380996,0.26154910600902714,0.689124808469316,0.24938717897382112,-0.23588235886566877,0.06603470468355499,-0.6971708034036502,0.08217787973966195,-0.15414847568401538,-0.3041715677900346,-1.3590486824616397,0.689124808469316,-0.499364052054778,15.079999923706055,-0.03781870454240779,-0.5495101436292982
2019-07-31,2980.3798828125,8175.419921875,16.1200008392334,4.1822099685668945,10085.6279296875,0.013128152166957952,0.058264540041700785,0.05413724061530629,0.0,0.02113097815546716,0.06564698463437657,0.06467418618498194,0.0,0.06896557830165784,0.2564303145043978,0.31346134800240877,-0.7308398563447034,0.027339359811182185,-0.3083868658062833,0.1683006529959447,-0.3977089298803388,-0.067626591766352,0.2962799026329359,0.24790576100621506,-0.2875570306441281,0.06564698463437657,-0.6783768717307633,0.058264540041700785,-0.4439510600737526,-0.3083868658062833,-1.337971368643047,0.2962799026329359,-0.6048988383204241,16.1200008392334,0.23174934540640815,-0.5666897586723157
2019-08-31,2926.4599609375,7962.8798828125,18.979999542236328,4.156326770782471,9630.6640625,-0.018091627240523933,0.008595474523136026,0.053974335555786394,-0.018091627240523933,-0.025997446136534985,-0.018084892058434776,0.06328982453795588,-0.025997446136534985,0.17741926514309903,0.4758942495291141,0.31475871669203126,-0.6830856614515697,-0.006188880515076822,-0.4007114363132974,0.1604127653311683,-0.4014364373486071,-0.045110118116522324,0.36846244811268525,0.24568057047619826,-0.3196954171430574,-0.018084892058434776,-1.4221062179167236,0.008595474523136026,-1.054706886279541,-0.4007114363132974,-1.4121004135778172,0.36846244811268525,-0.5756618914088266,18.979999542236328,0.9321995113231551,-0.7064751795719507
2019-09-30,2976.739990234375,7999.33984375,16.239999771118164,4.319096565246582,8293.8681640625,0.017181177931020697,0.021537556944893455,0.054150577886706276,-0.0012212847761843282,0.004578740540366111,-0.005842432076121451,0.06324606424060633,-0.02153774115674012,-0.14436247825089898,0.33993398716678547,0.31896597107885905,-0.7288362007576655,0.03916193394810197,-0.3779955306443127,0.16143681783436425,-0.3779955306443127,-0.13880620170759905,0.25179880503910823,0.2500102140579449,-0.4141259122937022,-0.005842432076121451,-1.261045135272498,0.021537556944893455,-0.855590694730098,-0.3779955306443127,-1.357697535609623,0.25179880503910823,-0.6016685570595639,16.239999771118164,0.23291797903366812,-0.7686167887276231
2019-10-31,3037.56005859375,8292.3603515625,13.220000267028809,4.987791061401367,9199.5849609375,0.020431770513684056,0.12015166259771615,0.04919235883309568,0.0,0.03663058621536641,0.13502244246493045,0.05652213496755991,0.0,-0.1859605632175093,-0.37729625284597446,0.2404766349997536,-0.7792619735889696,0.1548227704690388,-0.042555047458264106,0.1524532272876872,-0.28169507545454087,0.10920318227380199,0.45618123942832467,0.24886552705790266,-0.3501465975044139,0.13502244246493045,0.06360648253262426,0.12015166259771615,0.45028811886133474,-0.042555047458264106,-0.9570491081929234,0.45618123942832467,-0.533972409022136,13.220000267028809,-0.5339692546745272,-0.30221923409912554
2019-11-30,3140.97998046875,8665.4697265625,12.619999885559082,5.381811141967773,7569.6298828125,0.034047037714499906,0.13796616490011715,0.049628706394504465,0.0,0.04499435132841234,0.1821052310452591,0.05721130014233679,0.0,-0.045385807061301686,-0.3016048644885244,0.23702457640457927,-0.7892803470667532,0.07899690979752116,0.3313742219969935,0.13462850432785223,-0.22495120612310793,-0.1771770232076748,0.8842728037138496,0.22471804448050076,-0.4652856888799608,0.1821052310452591,0.5044320634426042,0.13796616490011715,0.6880089560369427,0.3313742219969935,-0.5250330252549573,0.8842728037138496,-0.40115285096980047,12.619999885559082,-0.6826828151668813,-0.08328553438241844
2019-12-31,3230.780029296875,8972.599609375,13.779999732971191,5.842668056488037,7193.59912109375,0.02858981890573009,0.2887807022515845,0.03741278495367738,0.0,0.035442958374321654,0.3522564081544166,0.04552326527427208,0.0,0.09191757986776872,-0.45790717184843466,0.20214063898019055,-0.769911506538553,0.0856323089687161,0.7694302527131802,0.11655031840907075,-0.15858198834001114,-0.0496762414464359,0.9220344340849418,0.2237082473397363,-0.49184828610402453,0.3522564081544166,1.9926666086028875,0.2887807022515845,2.5008860658129275,0.7694302527131802,-0.02977376704884044,0.9220344340849418,-0.3854792351580182,13.779999732971191,-0.3671822109243459,0.7422234922569221
2020-01-31,3225.52001953125,9150.9404296875,18.84000015258789,5.870727062225342,9350.529296875,-0.0016280928190489652,0.1928256732533442,0.033310850937228076,-0.0016280928190489652,0.019876159427214546,0.25669690694108316,0.0396521153800992,0.0,0.36719887646367044,0.1369945986464156,0.20569048969736523,-0.6854232702522911,0.004802430236670041,0.6511541529853442,0.11719861038884989,-0.1545411370391363,0.29984019674608997,1.704190228155253,0.22689936477313394,-0.3394839762325924,0.25669690694108316,1.0977617182947814,0.1928256732533442,1.2687289170875327,0.6511541529853442,-0.17489417378477926,1.704190228155253,-0.14578552653208468,18.84000015258789,0.9498921060835421,0.5991406082297985
2020-02-29,2954.219970703125,8567.3701171875,40.11000061035156,6.710043907165527,8599.5087890625,-0.08411048363840312,0.060955500312092514,0.043488144756691764,-0.08560163678303367,-0.06377162183318119,0.13738283970287468,0.046015481477432424,-0.06377162183318119,1.1289809068734002,1.7138025260497307,0.37307588751770415,-0.33027214862045406,0.14296642239437318,0.7568237903609152,0.12016634471697157,-0.033668908120007,-0.08031850219040493,1.2308657670517968,0.23315442915443194,-0.39253563393435253,0.13738283970287468,0.03226060156403149,0.060955500312092514,-0.3458116450241463,0.7568237903609152,-0.06294852144259998,1.2308657670517968,-0.28847721218614436,40.11000061035156,4.88276971685081,0.8435585879523902
2020-03-31,2584.590087890625,7700.10009765625,53.540000915527344,6.549293041229248,6438.64453125,-0.12511928240892822,-0.08813499261221347,0.05728652271984911,-0.20001050382463903,-0.10122943303118992,-0.0037803748877027754,0.05600567608466539,-0.15854548974271876,0.33482922215936783,2.905178757589832,0.37138178207261857,-0.10602769308457605,-0.02395675321358426,0.4731295171015042,0.11688535426847303,-0.05681906361078948,-0.25127763815543147,0.5683338511023246,0.25327380811107697,-0.5451778451029149,-0.0037803748877027754,-1.191809732645288,-0.08813499261221347,-2.0695864990334703,0.4731295171015042,-0.40002554483121683,0.5683338511023246,-0.4885084545097519,53.540000915527344,5.320067135920647,0.23402738098018397
2020-04-30,2912.429931640625,8889.5498046875,34.150001525878906,7.261864185333252,8658.5537109375,0.1268440381652789,-0.01133811034533061,0.06813828888370846,-0.09853660563994926,0.15447197983741723,0.09810023415259894,0.07065759423702393,-0.028564345600152308,-0.3621591157654439,1.602896480469266,0.39811372083641855,-0.42978791327585997,0.10880123085319449,0.620412846233058,0.11803778728899517,0.0,0.34477896223547644,0.6182014927879245,0.25708966330517224,-0.3883647345357948,0.09810023415259894,-0.276015836367442,-0.01133811034533061,-1.1201723197386473,0.620412846233058,-0.23661455767198525,0.6182014927879245,-0.4678114176914492,34.150001525878906,2.3818862048592484,0.0562544146779449
2020-05-31,3044.31005859375,9489.8701171875,27.510000228881836,8.820674896240234,9461.05859375,0.04528181966555822,0.10619317666684003,0.06571285137574993,-0.05771670278143548,0.06753101402091799,0.2732697237450268,0.06634943185647639,0.0,-0.1944363396869916,0.4703368025128478,0.3976820461313212,-0.5406578642637831,0.21465710059068632,1.6269479104219133,0.08195894161074312,0.0,0.09268347920493625,0.10339453480465899,0.1953139920375924,-0.3316762501281374,0.2732697237450268,1.2527511038427486,0.10619317666684003,0.26236405281329134,1.6269479104219133,0.9129240817085795,0.10339453480465899,-0.6221792648184961,27.510000228881836,1.426516041258341,0.6464752029608929
2020-06-30,3100.2900390625,10058.76953125,30.43000030517578,9.443387985229492,9137.9931640625,0.01838839651392421,0.05388951810161613,0.06319586793792177,-0.04038962388373246,0.05994807168457905,0.2563661889712492,0.06545730401781169,0.0,0.10614322253724784,1.0179045397300848,0.3877207626656273,-0.4919018097295992,0.07059698904158518,1.3197219269501863,0.071765625077953,0.0,-0.034146858566219795,-0.15523139558681698,0.1808525667677305,-0.3544974066914576,0.2563661889712492,1.0752367624252241,0.05388951810161613,-0.353918983266637,1.3197219269501863,0.5321134371037074,-0.15523139558681698,-0.6950159197656146,30.43000030517578,1.7419877493332403,0.4600806091659841
2020-07-31,3271.1201171875,10745.26953125,24.459999084472656,10.553994178771973,11323.466796875,0.055101321480443666,0.09755140143431529,0.0647538177338963,0.0,0.06824890438807873,0.314338545779018,0.06685538269471832,0.0,-0.19618801054325652,0.5173695912559193,0.3978159418320746,-0.5915845828393782,0.11760675250022468,1.5235447904564388,0.0710657598547849,0.0,0.23916341296986676,0.12273294987849637,0.19174926558815042,-0.2001168033948867,0.314338545779018,1.5284839395323624,0.09755140143431529,0.1587611478499826,1.5235447904564388,0.7456228162779428,0.12273294987849637,-0.5996831601692959,24.459999084472656,0.9360121036408287,0.5538393694263641
2020-08-31,3500.31005859375,11775.4599609375,26.40999984741211,13.297948837280273,11680.8203125,0.07006466690171775,0.19609019269561978,0.06629132461360489,0.0,0.09587385655533742,0.4787941215029845,0.0676461375147602,0.0,0.07972202926930305,0.39146472520411546,0.3968590605957823,-0.5590248769984645,0.25999205722771945,2.199447389642273,0.08167581027708634,0.0,0.03155866679660524,0.2128779735950841,0.19044596706478154,-0.1748735561170225,0.4787941215029845,2.6964576338785866,0.19609019269561978,1.2748011662003815,2.199447389642273,1.4809407105686676,0.2128779735950841,-0.5646154793341907,26.40999984741211,1.1996425943633988,1.2174453251353685
2020-09-30,3363.0,11167.509765625,26.3700008392334,13.457080841064453,10784.4912109375,-0.039227970178423055,0.12975940493049665,0.06825513828522005,-0.039227970178423055,-0.05162857309432001,0.39605392241840276,0.07178002945482852,-0.05162857309432001,-0.001514540265422637,0.6237685474682588,0.39156917424796267,-0.5596927515782999,0.011966657845611461,2.115716594379078,0.08399805503137431,0.0,-0.07673511599209437,0.3002969178684225,0.18617561216861508,-0.23818972949652717,0.39605392241840276,1.9334314422645262,0.12975940493049665,0.4712751692193799,2.115716594379078,1.3338955964567927,0.3002969178684225,-0.5415330345467605,26.3700008392334,1.1851609308613378,0.8764460208510553
2020-10-31,3269.9599609375,10911.58984375,38.02000045776367,12.465991020202637,13780.9951171875,-0.027665786221379718,0.07650874315595924,0.06914627556281006,-0.0658084837629479,-0.02291647173327338,0.3158605488838855,0.07336100018676908,-0.07336190009164811,0.44178988425352483,1.8759455136008598,0.39275703404004697,-0.3651694632620891,-0.0736482029473653,1.4993009664483017,0.09602764192422837,-0.0736482029473653,0.27785306210931693,0.49800183113729557,0.19807989337924192,-0.026518413090810156,0.3158605488838855,1.2627577550710494,0.07650874315595924,-0.1730028613340312,1.4993009664483017,0.6072282818021079,0.49800183113729557,-0.48173030993918353,38.02000045776367,2.49996559044272,0.7430436912085325
2020-11-30,3621.6298828125,12198.740234375,20.56999969482422,13.328781127929688,19625.8359375,0.10754563544385909,0.15302545872069495,0.07466170406523792,0.0,0.11796176442264827,0.4077413711321234,0.07799500627913906,0.0,-0.45896897824408545,0.6299524470172324,0.4276646606962657,-0.6565369860668324,0.06921151365573719,1.4766348681377606,0.09610810348413883,-0.009533992895640275,0.4241232777902142,1.592707469365465,0.21066183930891802,0.0,0.4077413711321234,1.8750994752648376,0.15302545872069495,0.7163063161527303,1.4766348681377606,0.5629731961846017,1.592707469365465,-0.13734168700903102,20.56999969482422,0.3538635633653245,0.6741801727916926
2020-12-31,3756.070068359375,12888.2802734375,22.75,12.987997055053711,29001.720703125,0.03712145909357001,0.16258923055706176,0.07484840506411082,0.0,0.056525512127837185,0.4364042567965709,0.07832494428145596,0.0,0.10597959832368442,0.650943428218393,0.42762555980842587,-0.6201369138111533,-0.025567534615891008,1.2229565208023563,0.10100286001990622,-0.03485776681814434,0.477731740726012,3.0316009017076606,0.23035390286306112,0.0,0.4364042567965709,1.9820745465939404,0.16258923055706176,0.8029667720008712,1.2229565208023563,0.26208610586076314,3.0316009017076606,0.3148305275164438,22.75,0.6093964351022053,0.7942708774148448
2021-01-31,3714.239990234375,13070.6904296875,33.09000015258789,12.923080444335938,33114.359375,-0.011136660755445171,0.15151664467863024,0.07509287092792426,-0.011136660755445171,0.01415318043835101,0.4283439532928812,0.07843217639971424,0.0,0.45450550121265443,0.7563694206256468,0.43305897366603313,-0.4474870514307058,-0.00499820029544229,1.2012742727367316,0.10164308993757709,-0.039681741013177785,0.14180671257315614,2.54144223536811,0.22518356638081413,0.0,0.4283439532928812,1.8395613397315442,0.15151664467863024,0.6431331021909402,1.2012742727367316,0.22522689492882697,2.54144223536811,0.1460073815421871,33.09000015258789,1.7938112613270751,0.9295479959441147
2021-02-28,3811.14990234375,13192.349609375,27.950000762939453,13.644112586975098,45137.76953125,0.026091451377448394,0.2900697781948409,0.06838619845197166,0.0,0.009307785257554269,0.5398365459791516,0.07288180029139354,0.0,-0.15533391858405443,-0.30316628427758896,0.2989329373017002,-0.5333110528004044,0.05579413869200067,1.0333864838655988,0.09921984403469329,0.0,0.36308750593940786,4.24887765550744,0.22350191974042424,0.0,0.5398365459791516,2.4936179745698435,0.2900697781948409,2.267295870391194,1.0333864838655988,0.021347435739794557,4.24887765550744,0.6802582502854329,27.950000762939453,1.1568165722307828,1.3238672206434097
2021-03-31,3972.889892578125,13246.8701171875,19.399999618530273,13.284329414367676,58918.83203125,0.042438632533165155,0.5371450626511303,0.04985318154006771,0.0,0.00413273673203407,0.7203503784606087,0.05958287614261828,0.0,-0.3059034315214091,-0.6376541037207191,0.2933675190550647,-0.6760728032018744,-0.026369114906811708,1.0283608216550832,0.09941879347249993,-0.026369114906811708,0.30531110958991947,8.150812992592943,0.1822515701368988,0.0,0.7203503784606087,3.3436949903395825,0.5371450626511303,4.335556516773857,1.0283608216550832,0.009843866716505183,8.150812992592943,1.851609625588343,19.399999618530273,0.14313272995031529,1.9367675458737206
2021-04-30,4181.169921875,13962.6796875,18.610000610351562,14.937620162963867,57750.17578125,0.05242532134755851,0.43562936105373384,0.0417003795952859,0.0,0.05403612808007785,0.5706846796828131,0.04942472555784867,0.0,-0.04072159916045193,-0.45505125098606847,0.27545900680170504,-0.6892636366670565,0.12445421195352724,1.0569952537990588,0.10014807374817326,0.0,-0.019835020649767054,5.6697254194196285,0.18902543941452993,-0.019835020649767054,0.5706846796828131,2.2650552520764116,0.43562936105373384,3.0002396339389947,1.0569952537990588,0.03464968940741967,5.6697254194196285,1.0366547835058608,18.610000610351562,0.04458837030004123,1.2762375458457456
2021-05-31,4204.10986328125,13748.740234375,16.760000228881836,16.166704177856445,37332.85546875,0.00548648867060697,0.380972956881811,0.042074074963925304,0.0,-0.01532223455047299,0.4487806539600665,0.050907327263131776,-0.01532223455047299,-0.09940893717331145,-0.390766990569267,0.2711240120194322,-0.7201536082870843,0.08228111315482178,0.8328194121231491,0.0889684762507065,0.0,-0.3535455959448175,2.9459490815765776,0.2446046810873433,-0.3663680323983849,0.4487806539600665,1.461634440642833,0.380972956881811,2.3300002218194726,0.8328194121231491,-0.2182729678320734,2.9459490815765776,0.17650515487982021,16.760000228881836,-0.17839725844113516,0.7142939182137835
2021-06-30,4297.5,14503.9501953125,15.829999923706055,19.911273956298828,35040.8359375,0.022214009565834747,0.3861606320225206,0.0420086324512262,0.0,0.054929393389024916,0.44192091788687193,0.05068168576870168,0.0,-0.05548927759399125,-0.4797896889598926,0.26906287196554046,-0.7356820824005191,0.23162233546472177,1.1084883928778817,0.10261369367350935,0.0,-0.06139416614323989,2.834631445699376,0.2465681197163048,-0.40526933869098647,0.44192091788687193,1.374775077461126,0.3861606320225206,2.238910257253318,1.1084883928778817,0.10522920214815645,2.834631445699376,0.13507908095180862,15.829999923706055,-0.28842027299492456,0.713114668963897
2021-07-31,4395.259765625,14672.6796875,18.239999771118164,19.410072326660156,41626.1953125,0.02274805482838871,0.34365587571392275,0.041166946396250056,0.0,0.011633347461578625,0.365501316167834,0.04963590961937408,0.0,0.1522425684792985,-0.25429270425864337,0.2670307520264368,-0.6954416437300746,-0.025171750975789275,0.8391209998676206,0.10466292817348667,-0.025171750975789275,0.18793385485283132,2.6760999134989127,0.2452438476357318,-0.2934993129120099,0.365501316167834,0.8727053927949414,0.34365587571392275,1.7771973153597453,0.8391209998676206,-0.18735301244706645,2.6760999134989127,0.07781530955246553,18.239999771118164,-0.016976728311238632,0.5046776553897695
2021-08-31,4522.68017578125,15259.240234375,16.479999542236328,22.286836624145508,47166.6875,0.028990416255438634,0.29207987294652327,0.03877896198237076,0.0,0.03997637509763852,0.29585088692876327,0.04503434999967358,0.0,-0.09649124182932722,-0.37599395541642955,0.2676769087219226,-0.7248288577360584,0.14820987006493813,0.6759604730667366,0.08867059741064937,0.0,0.1331010952575873,3.037960197840343,0.2428459965587949,-0.19946329766036053,0.29585088692876327,0.41898237812256006,0.29207987294652327,1.2828718656818594,0.6759604730667366,-0.35862237756875653,3.037960197840343,0.1832790719502733,16.479999542236328,-0.23206008728725405,0.2588901701797365
2021-09-30,4307.5400390625,14448.580078125,23.139999389648438,20.625150680541992,43790.89453125,-0.047569168801901096,0.2808623369201606,0.04003556093579714,-0.047569168801901096,-0.05312585317477336,0.2938050094748561,0.04526061196431112,-0.05312585317477336,0.40412621555864137,-0.12248772646147776,0.2926017966739021,-0.6136249853819831,-0.07455907590776023,0.532661572308021,0.09509191206323958,-0.07455907590776023,-0.07157155076344934,3.0605433927970385,0.24241200074658176,-0.25675895088986633,0.2938050094748561,0.391437800105893,0.2808623369201606,1.1514992465802207,0.532661572308021,-0.5047520474832723,3.0605433927970385,0.18270324879789643,23.139999389648438,0.5396464404094159,0.3521069376820308
2021-10-31,4605.3798828125,15498.3896484375,16.260000228881836,25.454879760742188,61318.95703125,0.0691438364006065,0.4083902976879674,0.038954319190864554,0.0,0.07265832106934167,0.4203603572319714,0.04492940663477444,0.0,-0.29732062844583884,-0.572330351575218,0.2750427618316484,-0.7285022475439821,0.23416697191728253,1.0419459407189926,0.10282006973913002,0.0,0.4002672858735883,3.4495304228628374,0.25069793588829264,0.0,0.4203603572319714,1.147156346277749,0.4083902976879674,2.1146449644013043,1.0419459407189926,0.10652467908720221,3.4495304228628374,0.2932841060590355,16.260000228881836,-0.27618719748898046,0.6770845796672622
2021-11-30,4567.0,15537.6904296875,27.190000534057617,32.5327033996582,57005.42578125,-0.008333706184746159,0.26103443691858996,0.03153937629544822,-0.008333706184746159,0.0025357977274731436,0.27371270566969086,0.035984857341691594,0.0,0.6722017313235555,0.32182795028913436,0.30759454219430576,-0.5460009882925927,0.2780537054365424,1.4407860769420102,0.11974037620489987,0.0,-0.07034580264960633,1.9046113481631157,0.24399056160094149,-0.07034580264960633,0.27371270566969086,0.2033121847282923,0.26103443691858996,0.8712202891813652,1.4407860769420102,0.5940593877385263,1.9046113481631157,-0.19675411573859605,27.190000534057617,0.9895569210143804,0.49227893338479356
2021-12-31,4766.18017578125,15644.9697265625,17.219999313354492,29.28561019897461,46306.4453125,0.04361291346206486,0.2689273866137125,0.03191377523506577,0.0,0.006904455804449761,0.21389117823628379,0.03433897494923413,0.0,-0.36667896376886466,-0.24307695325914325,0.33077464090027336,-0.7124728754575536,-0.09981012523901434,1.2548211302203365,0.12753336575312943,-0.09981012523901434,-0.18768354629620299,0.5966792379843302,0.23037870771604266,-0.2448265992374784,0.21389117823628379,-0.194325289848624,0.2689273866137125,0.9077644972804556,1.2548211302203365,0.400198225769575,0.5966792379843302,-0.603517709235524,17.219999313354492,-0.195359210409807,0.06295210271121512
2022-01-31,4515.5498046875,14239.8798828125,24.829999923706055,24.381607055664062,38483.125,-0.052585165027393854,0.21573991356507927,0.0374184550713622,-0.052585165027393854,-0.08981096597230198,0.08945123896970397,0.04615468048713713,-0.08981096597230198,0.4419280437746498,-0.24962224813516176,0.3292967005193861,-0.58540657577636,-0.16745436103230837,0.8866714604682575,0.14451751219565653,-0.25055084552486895,-0.16894668246945244,0.16212802319990516,0.238162634115649,-0.37241063998548063,0.08945123896970397,-0.9731182235904984,0.21573991356507927,0.4658306781868783,0.8866714604682575,-0.011431443085989413,0.16212802319990516,-0.7293287703255839,24.829999923706055,0.6819459392749807,-0.11322036390804255
2022-02-28,4373.93994140625,13751.400390625,30.149999618530273,24.281038284301758,43193.234375,-0.031360491945908286,0.14766935268444836,0.03975941287958539,-0.08229656032898625,-0.034303624483314143,0.04237689250235732,0.047745228420739416,-0.12103374880441864,0.21425693560897008,0.07871194259529068,0.32857821672770854,-0.4965770591785732,-0.004124780254751159,0.779598206150897,0.145834637133675,-0.25364215859918793,0.1223941500332939,-0.04308000099348619,0.21754074605238266,-0.2955973736965647,0.04237689250235732,-1.2324877472190976,0.14766935268444836,-0.08047725551029603,0.779598206150897,-0.11982542028212438,-0.04308000099348619,-0.7807042137418732,30.149999618530273,1.2671936172247897,-0.1892602039057203
2022-03-31,4530.41015625,14220.51953125,20.559999465942383,27.17430305480957,45538.67578125,0.03577328837154625,0.1403311641516658,0.03934398870533285,-0.049467290542075215,0.03411428125857063,0.07350033671721534,0.04850156472809809,-0.0910484468943411,-0.3180762943258497,0.059793807743383276,0.32979977193733157,-0.6567039626736741,0.11915737443478158,1.0455908768280908,0.1441822956295185,-0.16470811782905592,0.05430112933630005,-0.22709472996517122,0.1986477382465505,-0.25734751558083235,0.07350033671721534,-1.0128416610786966,0.1403311641516658,-0.13966308229952734,1.0455908768280908,0.25711065085311774,-0.22709472996517122,-0.8243086610752611,20.559999465942383,0.1245162520546587,-0.3190373003091417
2022-04-30,4131.93017578125,12334.6396484375,33.400001525878906,18.471071243286133,37714.875,-0.08795671180434306,-0.011776547476852861,0.04637936839282938,-0.13307302212846717,-0.1326168062051618,-0.11659939750103931,0.06049839286825258,-0.2115906988624351,0.6245137350906051,0.7947340371015681,0.36683318914913826,-0.44231087216120657,-0.32027433395326976,0.23654712342218054,0.18142031333219563,-0.43223066904792806,-0.17180562778839858,-0.3469305592616906,0.20457819060544874,-0.3849393918950814,-0.11659939750103931,-2.0786041147876513,-0.011776547476852861,-1.3418022471111715,0.23654712342218054,-0.7995168797896245,-0.3469305592616906,-0.8441541336509021,33.400001525878906,1.5778457388810072,-0.6972463272916686
2022-05-31,4132.14990234375,12081.3896484375,26.190000534057617,18.595563888549805,31792.310546875,5.317770464463578e-05,-0.01711657479886508,0.046347593280550804,-0.13302692094168944,-0.020531609128287776,-0.12127297174243945,0.0605701659429037,-0.22777801046649815,-0.2158682833063601,0.5626491752026017,0.3742364878255845,-0.5626982668063882,0.006739871425103239,0.15023839639622838,0.18088389522415865,-0.4284039767581942,-0.15703524015723236,-0.14840935289594426,0.1816481108266949,-0.4815255822000907,-0.12127297174243945,-1.9971751336642394,-0.01711657479886508,-1.3411159497744456,0.15023839639622838,-0.8900680352605607,-0.14840935289594426,-0.7620578420811943,26.190000534057617,0.7099586865666255,-0.8560916548427631
2022-06-30,3785.3798828125,11028.740234375,28.709999084472656,15.10013484954834,19784.7265625,-0.08391999993382682,-0.11916698480221055,0.05147486786633277,-0.20578330167889258,-0.08712982899269706,-0.2396043777136414,0.06082789424264548,-0.29506158035895247,0.09621987396059883,0.8136449287961329,0.3711811376290048,-0.5206211491557474,-0.18797112364813906,-0.24162889412852007,0.17831490859946877,-0.5358475235197642,-0.37768830820493093,-0.4353808625516613,0.2119143373449438,-0.6773473079064749,-0.2396043777136414,-2.4909704413210285,-0.11916698480221055,-2.0379199207606686,-0.24162889412852007,-1.3955209367354386,-0.4353808625516613,-0.8291523569846597,28.709999084472656,0.9730445362245298,-1.156103823915453
2022-07-31,4130.2900390625,12390.6904296875,21.329999923706055,18.092472076416016,23336.896484375,0.09111639173021002,-0.06028533936374103,0.05862895546554753,-0.13341714187599252,0.12349100317618289,-0.1555264141530044,0.073501666835806,-0.20800802774004645,-0.25705327050177285,0.16940790522819538,0.38540450261078346,-0.6438470505746441,0.1981662585587558,-0.06788229472150853,0.18773797285365773,-0.443868163854895,0.17954101668545608,-0.43936993738730856,0.21115805768799456,-0.619417915531704,-0.1555264141530044,-1.9297299608629237,-0.06028533936374103,-1.5306550557740384,-0.06788229472150853,-1.1183169926479286,-0.43936993738730856,-0.8064164275248331,21.329999923706055,0.08423025398969616,-1.0601776365640057
2022-08-31,3955.0,11816.2001953125,25.8700008392334,15.03538703918457,20049.763671875,-0.04244012827299837,-0.12551853186991901,0.05864693056159882,-0.17019502953395693,-0.046364666895280404,-0.22563640038291344,0.07222078930849439,-0.24472847171761536,0.21284580083292037,0.5697816479261171,0.383219662903777,-0.5680413908351977,-0.16897000168464715,-0.32536917227206363,0.18896613945204804,-0.5378377611452193,-0.14085561097213029,-0.5749168590252389,0.20712989813718857,-0.6730250375645328,-0.22563640038291344,-2.1679184277499393,-0.12551853186991901,-1.9222350526941847,-0.32536917227206363,-1.4357136994271187,-0.5749168590252389,-0.8197568703453034,25.8700008392334,0.6002382170106197,-1.1490771666411852
2022-09-30,3585.6201171875,10575.6201171875,31.6200008392334,12.09545612335205,19431.7890625,-0.09339567201327437,-0.16759447743453126,0.06270040320683447,-0.24769522239058828,-0.10498976469754973,-0.26805125071086544,0.07592628075863027,-0.3240242517547417,0.22226516480354275,0.3664650679886554,0.37361460381443695,-0.4720320393808738,-0.19553410285818384,-0.41355792688763016,0.19551266155118563,-0.6282062398946184,-0.030822039575552185,-0.5562595998436819,0.20706236037166473,-0.6831030727969334,-0.26805125071086544,-2.238835808792991,-0.16759447743453126,-2.102958456457137,-0.41355792688763016,-1.505893226497448,-0.5562595998436819,-0.7861081932453357,31.6200008392334,1.250614738871039,-1.0766361892243745
2022-10-31,3871.97998046875,10988.150390625,25.8799991607666,13.44858169555664,20495.7734375,0.0798634138370089,-0.15924851391322437,0.06404461706624377,-0.18761359460480886,0.03900766752836127,-0.2910134123687623,0.07262145333510293,-0.2976560145099554,-0.18153072505123813,0.5916358423413326,0.36419783405872547,-0.5678744460758873,0.11187057010542856,-0.47166980076261333,0.1835599421681357,-0.5866134599899886,0.05475483351418764,-0.6657514343067719,0.15749835938209714,-0.6657514343067719,-0.2910134123687623,-2.208803868313225,-0.15924851391322437,-1.9405277995432877,-0.47166980076261333,-1.543154650436136,-0.6657514343067719,-0.7960219396188776,25.8799991607666,0.5340544869487521,-1.1908907541925546
2022-11-30,4080.110107421875,11468.0,20.579999923706055,16.866607666015625,17168.56640625,0.053752893352493114,-0.10661044286799326,0.06685484960765403,-0.14394547479458597,0.04366973442449451,-0.2619237684071526,0.07501236363813639,-0.2669848391889641,-0.20479132182875825,-0.24310410005590166,0.32367139824661356,-0.6563700094599907,0.2541551256359089,-0.48154915197755044,0.17993857852715792,-0.48154915197755044,-0.16233625149087516,-0.6988257491114641,0.15950288928320905,-0.7200120935276121,-0.2619237684071526,-1.9657227020807628,-0.10661044286799326,-1.5220464777373883,-0.48154915197755044,-1.4966839653755397,-0.6988257491114641,-0.8212374380129587,20.579999923706055,-0.13403589363548568,-1.187945295368427
2022-12-31,3839.5,10466.48046875,21.670000076293945,14.565302848815918,16547.49609375,-0.05897147407473047,-0.1944282720342927,0.06631061964909696,-0.1944282720342927,-0.0873316647410185,-0.3310002734629972,0.07658417943291684,-0.3310002734629972,0.05296405037068652,0.25842049595718497,0.2995944864688722,-0.6381699733321511,-0.13644147434795584,-0.5026464277214924,0.18139037032195085,-0.5522873500586813,-0.03617484988577191,-0.6426524216644383,0.15635798583060162,-0.7301406140140823,-0.3310002734629972,-2.145611664105429,-0.1944282720342927,-1.9938420358248405,-0.5026464277214924,-1.4686750230512366,-0.6426524216644383,-0.8622071963275684,21.670000076293945,-0.02134612812550454,-1.2983364094869159
2023-01-31,4076.60009765625,11584.5498046875,19.399999618530273,19.471895217895508,23139.283203125,0.0617528578346791,-0.09720847427606383,0.06872138219969214,-0.14468191564158972,0.10682381143076158,-0.18647138177970002,0.08340996371175502,-0.2595351728281773,-0.10475313566089717,-0.21868708505277012,0.27646298391023405,-0.6760728032018744,0.33686854437623115,-0.2013694924440178,0.20613655242359366,-0.40146704137412437,0.398355562196792,-0.3987161073035259,0.20252262716049216,-0.6226406265955808,-0.18647138177970002,-1.4598039098277786,-0.09720847427606383,-1.3208382334765594,-0.2013694924440178,-1.0187696036876466,-0.3987161073035259,-0.7691594391198842,19.399999618530273,-0.3216818856154466,-0.9780506143454633
2023-02-28,3970.14990234375,11455.5400390625,20.700000762939453,23.138635635375977,23147.353515625,-0.02611249393181858,-0.09231723445491091,0.0685639976263358,-0.16701640392917338,-0.011136364191968728,-0.1669546581690473,0.08316116880288649,-0.2677812588149059,0.06701036958616524,-0.3134328018293846,0.26984629739895283,-0.6543663220254214,0.18830937494520694,-0.047049167978305495,0.2130588971268149,-0.28875767405118025,0.00034877106732977836,-0.46409770301844866,0.1976014184842471,-0.6225090145641516,-0.1669546581690473,-1.3278946459024599,-0.09231723445491091,-1.2478187083618164,-0.047049167978305495,-0.7784988256660369,-0.46409770301844866,-0.8032134701847308,20.700000762939453,-0.15873652357926085,-0.8632324347388609
2023-03-31,4109.31005859375,12221.91015625,18.700000762939453,27.68914031982422,28478.484375,0.03505161257710898,-0.09294966308410613,0.06852445193071328,-0.13781898563661177,0.06689951888555568,-0.140544047677583,0.08532138099130922,-0.21879617731063594,-0.09661835392686213,-0.09046686533645176,0.25321455325209424,-0.6877608790530123,0.1966626190133316,0.018945739435386466,0.2175588010690075,-0.14888289547695177,0.23031275933019146,-0.3746308190470995,0.21072318089445588,-0.5355680240861485,-0.140544047677583,-1.1789132583017135,-0.09294966308410613,-1.214091469266082,0.018945739435386466,-0.6629565400706282,-0.3746308190470995,-0.7368408243509987,18.700000762939453,-0.4093234266971962,-0.8404251037373237
2023-04-30,4169.47998046875,12226.580078125,15.779999732971191,27.661230087280273,29268.806640625,0.014642341662481018,0.009087715205739144,0.06358245933150894,-0.12519463664939856,0.00038209427293267595,-0.008760658875526128,0.07595389369186126,-0.21849768380399326,-0.15614978132809798,-0.5275449397586234,0.16972519793554755,-0.736516949510962,-0.001007984799151096,0.49754335971902997,0.18937495407194047,-0.14974080858060845,0.027751556410733347,-0.22394528311110673,0.2052667852254797,-0.5226793139076269,-0.008760658875526128,-0.6151716803055657,0.009087715205739144,-0.570219994483722,0.49754335971902997,0.017911044943919374,-0.22394528311110673,-0.6372506550259239,15.779999732971191,-0.7787950525283713,-0.5167052674799327
2023-05-31,4179.830078125,12935.2900390625,17.940000534057617,37.714332580566406,27219.658203125,0.002482347368192972,0.011538830126710975,0.06357742464868137,-0.12302306585800404,0.0579646930220068,0.07067898772186654,0.07721614623117588,-0.1731981419497044,0.13688218235981697,-0.3150057209533713,0.16838420256074313,-0.7004508145452006,0.3634365666879342,1.0281360009625176,0.20891291014833674,0.0,-0.070011342199917,-0.14382887764662533,0.20074639301042024,-0.5560971758007391,0.07067898772186654,-0.2759653003519651,0.011538830126710975,-0.5424432849519871,1.0281360009625176,0.7518097404008015,-0.14382887764662533,-0.5685958786266031,17.940000534057617,-0.5123214957354602,-0.2295032438530428
2023-06-30,4450.3798828125,13787.919921875,13.59000015258789,42.17256546020508,30477.251953125,0.06472746490423464,0.17567589530959093,0.059490862124379686,-0.06625857213150477,0.06591501854521198,0.2501808573657427,0.07249037453109675,-0.11869948214310344,-0.24247493043334134,-0.5266457476155816,0.1757722448884423,-0.7730839824497172,0.11821057339712615,1.7928601883622584,0.1911575149235544,0.0,0.11967798146804087,0.5404434252273989,0.16188781066453556,-0.5029717818326089,0.2501808573657427,0.4677894409668746,0.17567589530959093,0.4622709280201084,1.7928601883622584,1.7451889419934916,0.5404434252273989,-0.15745384565672393,13.59000015258789,-1.0549258060469882,0.2925739318553525
2023-07-31,4588.9599609375,14346.01953125,13.630000114440918,46.58601760864258,29230.111328125,0.031138932355010862,0.11105029369296049,0.05487379000359595,-0.03718286097203638,0.04047743332839904,0.15780630729645417,0.0654608445752709,-0.08302669918926742,0.0029433378516490194,-0.36099389764682543,0.16294105328706454,-0.772416091946116,0.10465220932793673,1.5748840408253884,0.18892851575525474,0.0,-0.04092037651288716,0.2525277878185621,0.15800957650670638,-0.523310363657548,0.15780630729645417,0.0877576285646848,0.11105029369296049,0.0678724579180205,1.5748840408253884,1.4006083458270255,0.2525277878185621,-0.3127769296747649,13.630000114440918,-1.053544352109578,0.03798343010507761
2023-08-31,4507.66015625,14034.9697265625,13.569999694824219,49.203983306884766,25931.47265625,-0.017716390070854016,0.1397370812262959,0.053154564294855496,-0.05424050497395949,-0.02168195881860735,0.18777352233167033,0.06374753890052279,-0.10290847653520818,-0.00440208504130013,-0.4754542228601514,0.14531450955471223,-0.7734179356634007,0.05619638322028431,2.2725451748366363,0.1703006827128452,0.0,-0.11285070504336647,0.29335552680980603,0.15545619483992387,-0.5771051252056597,0.18777352233167033,0.2178069171659658,0.1397370812262959,0.24817570874313122,2.2725451748366363,2.199344532990462,0.29335552680980603,-0.2866448327454655,13.569999694824219,-1.0644485997858082,0.26284674527365703
2023-09-30,4288.0498046875,13219.3203125,17.520000457763672,43.36947250366211,26967.916015625,-0.048719367465624885,0.1959018703997495,0.04618913920752532,-0.10031730934623706,-0.058115509328018455,0.24998063149185534,0.0566821044151439,-0.1550434073352126,0.29108333469204406,-0.4459203038342351,0.15755130085700358,-0.707463672794896,-0.11857801769488596,2.585600415674361,0.1585262793194931,-0.11857801769488596,0.039968549920561314,0.38782465828987545,0.1542141282691326,-0.5602026302912926,0.24998063149185534,0.4758474282905737,0.1959018703997495,0.5889789988214765,2.585600415674361,2.4240130706535883,0.38782465828987545,-0.2296882368794944,17.520000457763672,-0.5805184180616209,0.5357265685649046
2023-10-31,4193.7998046875,12851.240234375,18.139999389648438,40.658565521240234,34667.78125,-0.02197968873798295,0.08311505375598305,0.04260341204330797,-0.12009205484975782,-0.027844100106792058,0.1695544543456169,0.057941062876123293,-0.1785704632872649,0.03538806596377819,-0.29907264382186693,0.15175512207275157,-0.6971113779509603,-0.06250726204228019,2.02326047769585,0.16737087287090216,-0.17367329251265784,0.28551947543569023,0.6914600151936814,0.17013989421342518,-0.43463191599406614,0.1695544543456169,0.13534564001412358,0.08311505375598305,-0.1075951976639204,2.02326047769585,1.667151791477677,0.6914600151936814,-0.058359859015312245,18.139999389648438,-0.4933474666127439,0.22863898163996477
2023-11-30,4567.7998046875,14226.2197265625,12.920000076293945,46.63072967529297,37712.74609375,0.08917926878197013,0.11952856281464053,0.04709068186219069,-0.04162250770581333,0.10699196864359051,0.24051445121751835,0.0634444897907174,-0.09068410005237681,-0.28776182408987716,-0.37220601923271013,0.16251905835475794,-0.7842711603278614,0.14688575648181312,1.7646774383238193,0.16164093938796392,-0.05229766898225374,0.08783270039094293,1.1966159084791816,0.15557285657974748,-0.3849741104609714,0.24051445121751835,0.4183419409128638,0.11952856281464053,0.1086304563644112,1.7646774383238193,1.3119677491200634,1.1966159084791816,0.2225751864300749,12.920000076293945,-1.1404461919642277,0.1842138281726371
2023-12-31,4769.830078125,15011.349609375,12.449999809265137,49.378875732421875,42265.1875,0.04422923115636013,0.24230500797629895,0.04245395546829867,0.0,0.055188932682274316,0.4342308910998989,0.05420356750864909,-0.04049992606324582,-0.03637772943137829,-0.4254730149777477,0.16063371627910458,-0.7921188856879997,0.05893422805658988,2.3901715772724983,0.1446766620349275,0.0,0.12071360157473277,1.5541741941225529,0.15169685532515223,-0.31073212027301156,0.4342308910998989,1.1825439074686483,0.24230500797629895,0.8357945065350189,2.3901715772724983,1.9517813103252457,1.5541741941225529,0.41408967496061017,12.449999809265137,-1.1609515222200693,0.6446515754138906
2024-01-31,4845.64990234375,15164.009765625,14.350000381469727,61.349185943603516,42582.60546875,0.015895707598991615,0.18864980284174737,0.04026895834946555,0.0,0.010169648980439483,0.30898567672341737,0.04897436170241136,-0.030742147114603324,0.1526104900652796,-0.26030924414230117,0.16721928063845018,-0.7603940469575289,0.24241763372757408,2.1506530441485214,0.13370177666283284,0.0,0.007510151676246579,0.8402733176712729,0.11776673967624089,-0.30555561395069697,0.30898567672341737,0.6432370175977803,0.18864980284174737,0.4832507512462362,2.1506530441485214,1.61244322394143,0.8402733176712729,-0.026130562403570846,14.350000381469727,-0.9142075302590897,0.35971858002455714
2024-02-29,5096.27001953125,16091.919921875,13.399999618530273,78.88336181640625,61198.3828125,0.05172064062372317,0.2836467500944242,0.03925933141010725,0.0,0.06119160898679055,0.40472818103754205,0.04873834789928159,0.0,-0.06620214199897845,-0.3526570471185123,0.1659511891536948,-0.7762564742846472,0.28580943011894866,2.409162193461563,0.1417587672344288,0.0,0.43716858418659976,1.6438608962873302,0.1587204335861114,-0.0019663449051906534,0.40472818103754205,1.0064875172178154,0.2836467500944242,1.0391132406802266,2.409162193461563,1.826170496780495,1.6438608962873302,0.4354921509146222,13.399999618530273,-1.0274145192306188,0.655969777272508
2024-03-31,5254.35009765625,16379.4599609375,13.010000228881836,90.0990982055664,71333.6484375,0.031018779915342964,0.27864532554994037,0.039151958462847705,0.0,0.01786859743638325,0.3401718513338463,0.04738128189541268,0.0,-0.029104432891858045,-0.3042780910113292,0.16435000322642274,-0.7827684027138173,0.14218126777182438,2.253950724539446,0.13979680584302706,0.0,0.16561329171152273,1.5048260117424173,0.15473225729839102,0.0,0.3401718513338463,0.721982013342944,0.27864532554994037,0.9795386119214812,2.253950724539446,1.5875440099271112,1.5048260117424173,0.33393172610862765,13.010000228881836,-1.0730072840110194,0.509997815457829
2024-04-30,5035.68994140625,15657.8203125,15.649999618530273,86.15633392333984,60636.85546875,-0.04161507173789869,0.20775011871866988,0.04319241486546434,-0.04161507173789869,-0.04405759714657864,0.28063777544089796,0.05112924786344189,-0.04405759714657864,0.2029207796466992,-0.008238283690797044,0.16931743704371274,-0.7386875976286074,-0.04376030793594532,2.1146964054558777,0.14341936699436375,-0.04376030793594532,-0.14995437921729393,1.071722848603819,0.16897504039057715,-0.14995437921729393,0.28063777544089796,0.4686030990111304,0.20775011871866988,0.5347807433276411,2.1146964054558777,1.382127495198843,1.071722848603819,0.05679473699242045,15.649999618530273,-0.7528351626026303,0.33789418238548097
2024-05-31,5277.509765625,16735.01953125,12.920000076293945,109.32129669189453,67491.4140625,0.0480211901511991,0.2626134715965296,0.0438258755301676,0.0,0.06879624349054803,0.2937490756459984,0.05191140018260917,0.0,-0.17444086957062233,-0.27982164483404637,0.17242576932989837,-0.7842711603278614,0.2688712682362553,1.8986671435417644,0.13007457120999752,0.0,0.11304277803921714,1.47950997616684,0.1629282323118001,-0.053862860783945865,0.2937490756459984,0.5030730177043896,0.2626134715965296,0.8423314562768641,1.8986671435417644,1.1085774106215422,1.47950997616684,0.2922153232428067,12.920000076293945,-1.0731626062154511,0.33460692032603034
2024-06-30,5460.47998046875,17732.599609375,12.4399995803833,123.19886779785156,62678.29296875,0.03466980128308328,0.2269694103097326,0.041883723873044953,0.0,0.059610332468520655,0.28609679413945766,0.051466562670919376,0.0,-0.0371517409501696,-0.08462108604065022,0.15708778837156115,-0.7922858622948414,0.12694297932697274,1.921303611801957,0.1302104167838625,0.0,-0.07131456883230869,1.0565598586496985,0.16892463982415123,-0.12133622292337276,0.28609679413945766,0.45671305712948185,0.2269694103097326,0.6091006502908451,1.921303611801957,1.0984132217165368,1.0565598586496985,0.03030972752822975,12.4399995803833,-1.121291423326445,0.21464904666772963
2024-07-31,5522.2998046875,17599.400390625,16.360000610351562,116.69686126708984,64619.25,0.011321316887868749,0.2033880991978243,0.041708333850974666,0.0,-0.0075115449332978645,0.22677934128614186,0.05179613716160512,-0.0075115449332978645,0.3151126336169441,0.20029350498817844,0.18091513385918045,-0.7268325133230963,-0.052776512049042545,1.5049761120907745,0.13749944870901692,-0.052776512049042545,0.030966973402063003,1.2107083094761881,0.1657416710671987,-0.09412666510928458,0.22677934128614186,0.20367525879717463,0.2033880991978243,0.45115829188175416,1.5049761120907745,0.6058064287093946,1.2107083094761881,0.11530160467001496,16.360000610351562,-0.6379036976270775,0.14760757728625218
2024-08-31,5648.39990234375,17713.619140625,15.0,119.04037475585938,58969.8984375,0.022834706936630367,0.25306693640426325,0.04031818450632432,0.0,0.00648992280787275,0.26210597427227156,0.050435642743673945,-0.0010703714722101187,-0.08312961855826828,0.10537953849189852,0.18368783268157762,-0.7495408222930682,0.020082061019668807,1.4193239399624562,0.1386386310570759,-0.03375431216474789,-0.08742521094720224,1.2740666995357506,0.16320198321482116,-0.17332283250355096,0.26210597427227156,0.3306004974160859,0.25306693640426325,0.7279284835046755,1.4193239399624562,0.4831334459652503,1.2740666995357506,0.14499055501805022,15.0,-0.7940438637665036,0.17852182362751165
2024-09-30,5762.47998046875,18189.169921875,16.729999542236328,121.11502075195312,63329.5,0.020196884090601275,0.3438463271040999,0.03411523004273646,0.0,0.026846618834620584,0.3759534901862982,0.04390100886737947,0.0,0.11533330281575527,-0.045091375278889845,0.16663505705391396,-0.7206545381076095,0.017428086902016693,1.7926330148868237,0.12545642767883,-0.016914498348456264,0.07392927032290175,1.348327544601792,0.16270743702153603,-0.11220719271793522,0.3759534901862982,0.7723135401466225,0.3438463271040999,1.2346381822721677,1.7926330148868237,0.8882838583292669,1.348327544601792,0.17957663121827686,16.729999542236328,-0.5826836400274832,0.4984257143877701
2024-10-31,5705.4501953125,18095.150390625,23.15999984741211,132.40472412109375,70215.1875,-0.009896743303151712,0.36044886762009853,0.032738359121127956,-0.009896743303151712,-0.005168984162214452,0.4080470102973708,0.04172158172720303,-0.005168984162214452,0.3843395386199917,0.27673652848237285,0.19897979552705636,-0.6132910321682996,0.0932147251352271,2.2565025948080946,0.11522057966445194,0.0,0.10872796248193972,1.0253729822989466,0.15038516144020486,-0.015679289676034935,0.4080470102973708,0.879936658080027,0.36044886762009853,1.2915366749114352,2.2565025948080946,1.3863388395964424,1.0253729822989466,-0.024342375192428347,23.15999984741211,0.18972161949301303,0.7446382833776978
2024-11-30,6032.3798828125,19218.169921875,13.510000228881836,137.88003540039062,96449.0546875,0.057301295482098835,0.3206314069679761,0.02816008264831993,0.0,0.062061906478093176,0.3508978696562499,0.035742425551518825,0.0,-0.4166666529407841,0.045665646215470534,0.2204833599096405,-0.7744197634569197,0.04135283930118172,1.9568491928069824,0.1160780256737343,0.0,0.3736209803256596,1.5574657026496452,0.1742479954508395,0.0,0.3508978696562499,0.6328772417676636,0.3206314069679761,1.0280628641403144,1.9568491928069824,1.0001159203488097,1.5574657026496452,0.29529644867933985,13.510000228881836,-1.011791020963876,0.38891229079445033
2024-12-31,5881.6298828125,19310.7890625,17.350000381469727,133.93984985351562,93429.203125,-0.02499013704848363,0.23309002343424012,0.03058203218517519,-0.02499013704848363,0.0048193527792455,0.2864125854773165,0.034946211491846194,0.0,0.2842339072932578,0.3935743491785493,0.23123291541376548,-0.7103022114161426,-0.028576911337693467,1.712492900391645,0.1215179768890989,-0.028576911337693467,-0.03131032825862812,1.21054746592571,0.17758795247355835,-0.03131032825862812,0.2864125854773165,0.3757713999008806,0.23309002343424012,0.5214834382958659,1.712492900391645,0.6929664390655552,1.21054746592571,0.07946821090981915,17.350000381469727,-0.5447827194541757,0.22498135374358905
2025-01-31,6040.52978515625,19627.439453125,16.43000030517578,119.7569351196289,102405.0234375,0.0270163042404441,0.2465881578102782,0.030679488330698165,0.0,0.016397589430455106,0.29434363050979173,0.03480439582482983,0.0,-0.05302593983090231,0.14494772602180395,0.23087914416030747,-0.7256637089227356,-0.10589017943052781,0.9520541842188077,0.1240935479542514,-0.13144107649910264,0.09607082167329573,1.4048557459137099,0.17609555886666817,0.0,0.29434363050979173,0.4052157429210682,0.2465881578102782,0.5943544370025418,0.9520541842188077,-0.20320527490982843,1.4048557459137099,0.20194941063973657,16.43000030517578,-0.6531390697015127,0.06903504919040108
2025-02-28,5954.5,18847.279296875,19.6299991607666,124.59429931640625,84373.0078125,-0.014242092699825126,0.16840355341840563,0.030182683780463498,-0.014242092699825126,-0.03974844289359336,0.17122626687039544,0.03669143716317386,-0.03974844289359336,0.19476559927894566,0.4649253522083041,0.23257421118574137,-0.6722324367871089,0.04039318634820721,0.579475017892721,0.10251491747592667,-0.09635721404773245,-0.17608526437187266,0.37868034962627295,0.15312174381230242,-0.17608526437187266,0.17122626687039544,-0.09890212836692241,0.16840355341840563,0.12435695948578089,0.579475017892721,-0.6355068273209019,0.37868034962627295,-0.41900383002255304,19.6299991607666,-0.22161540118384243,-0.2501342454816878
2025-03-31,5611.85009765625,17299.2890625,22.280000686645508,108.10735321044922,82548.9140625,-0.05754469768137538,0.06803886177273677,0.03580551798080228,-0.07096723346243894,-0.0821333525116098,0.05615747428524198,0.045900649776991216,-0.11861712253323609,0.1349975363817293,0.7125288466317266,0.23177166751756278,-0.6279846232475259,-0.1323250437332495,0.1998716453720315,0.10887159883104998,-0.21593178521810175,-0.021619399346929025,0.1572226553759748,0.14830595116837184,-0.19389780606923657,0.05615747428524198,-0.5737831179399653,0.06803886177273677,-0.4894811860325695,0.1998716453720315,-1.0692372636659302,0.1572226553759748,-0.5496246986046405,22.280000686645508,0.23180763824442074,-0.490063725599737
2025-04-30,5569.06005859375,17446.33984375,24.700000762939453,108.64599609375,94207.3125,-0.007624943346289825,0.10591798212233705,0.032916527666414855,-0.07805105567413484,0.008500394479722617,0.11422531971593664,0.043164480450387156,-0.1111250203870956,0.10861759433178464,0.5782748476040593,0.2285150396683812,-0.5875772079702396,0.004982481462220356,0.26103318405378073,0.10715544060001772,-0.21202517987283465,0.14123018539860022,0.5536312325521395,0.14135149235403593,-0.08005184377017638,0.11422531971593664,-0.337584624035291,0.10591798212233705,-0.2767139760301953,0.26103318405378073,-0.9855423298577568,0.5536312325521395,-0.30622368109878734,24.700000762939453,0.6594216365245976,-0.2493285948994866
2025-05-31,5911.68994140625,19113.76953125,18.56999969482422,134.79006958007812,104638.09375,0.06152382614078289,0.12016655656650332,0.03456415675012376,-0.021329229112751924,0.09557475679331917,0.14214205101810973,0.04700659615117646,-0.02617101039092573,-0.24817817322956737,0.43730646944012674,0.23637791165027433,-0.6899315430944233,0.2406354069759602,0.23297174163569845,0.10145958224319412,-0.02241053834472506,0.11072156686350643,0.5503911898052773,0.1412526905765351,0.0,0.14214205101810973,-0.21454326611877164,0.12016655656650332,-0.1923480034512607,0.23297174163569845,-0.9858290509222308,0.5503911898052773,-0.31341765686249023,18.56999969482422,-0.3165127854400343,-0.4045301525589576
2025-06-30,6204.9501953125,20369.73046875,16.729999542236328,157.60350036621094,107135.3359375,0.049606839467715824,0.13633787093929461,0.03577911032698668,0.0,0.06570974581683475,0.14871654001485402,0.04759578509272429,0.0,-0.09908455481023681,0.3448553140321604,0.23930871627547445,-0.7206545381076095,0.16925156917868844,0.279260947631528,0.10606388541365613,0.0,0.023865516830480216,0.70928930676072,0.13668777210012845,0.0,0.14871654001485402,-0.18034361320422646,0.13633787093929461,-0.10348371374975572,0.279260947631528,-0.906582636510372,0.70928930676072,-0.2257808243389546,16.729999542236328,-0.5932870200272131,-0.4018955615661044
2025-07-31,6339.39013671875,21122.44921875,16.719999313354492,177.43487548828125,115758.203125,0.0216665625306407,0.14796196529164862,0.03590430031296269,0.0,0.036952808538864845,0.2001800487476657,0.047614023010523976,0.0,-0.0005977423284794225,0.02200480987605502,0.2248005336702588,-0.7208215147144512,0.12583080373208522,0.5204768454069841,0.10658882866576194,0.0,0.08048574368152783,0.7913888373046731,0.1366912406973186,0.0,0.2001800487476657,0.03819682310895394,0.14796196529164862,-0.038346304059153596,0.5204768454069841,-0.6107702047301101,0.7913888373046731,-0.18255934765655876,16.719999313354492,-0.5741521741318516,-0.27352624149374405
2025-08-31,6460.259765625,21455.55078125,15.359999656677246,173.75387573242188,108236.7109375,0.019066444295036122,0.14373271675477084,0.035818770519139655,0.0,0.015770025485695616,0.21124602549702165,0.0475144259095645,0.0,-0.08133969572540567,0.02399997711181645,0.2247215415619192,-0.7435298077606574,-0.020745638340431527,0.45962137710650475,0.1079439118023912,-0.020745638340431527,-0.06497588926270748,0.8354569671205396,0.13466328425642626,-0.06497588926270748,0.21124602549702165,0.1031237104468775,0.14373271675477084,-0.05868302840239078,0.45962137710650475,-0.654555454745063,0.8354569671205396,-0.1621185352260068,15.359999656677246,-0.7750265259119202,-0.3094519667677007
2025-09-30,6688.4599609375,22660.009765625,16.280000686645508,186.13406372070312,114056.0859375,0.035323687218701494,0.1606912273200516,0.036401056923626794,0.0,0.05613740689554225,0.2457968045244987,0.048793989174341364,0.0,0.05989590172733639,-0.026897720735422626,0.2233047551325242,-0.7281682943302987,0.07125129115016993,0.5368371533528511,0.10816886316520194,0.0,0.053765260876786236,0.8009945750005922,0.13459340267243697,-0.014704074022831803,0.2457968045244987,0.2585279280724983,0.1606912273200516,0.04084845920058169,0.5368371533528511,-0.5409208416561264,0.8009945750005922,-0.18896089881781994,16.280000686645508,-0.5957234391999152,-0.2052457584801563
2025-10-31,6840.2001953125,23724.9609375,17.440000534057617,202.00604248046875,109556.1640625,0.0226868719049238,0.19888877497034163,0.03573889594449714,0.0,0.04699694231776186,0.31112261712905,0.04871302292923606,0.0,0.07125305887509326,-0.2469775194749685,0.19345870471367285,-0.7087994538020984,0.08527175758426342,0.5256709594116864,0.10784823030951413,0.0,-0.039453588451788923,0.560291554622709,0.1362905219998006,-0.053577533989559334,0.31112261712905,0.5318289926877644,0.19888877497034163,0.26007931121142464,0.5256709594116864,-0.5352587474248873,0.560291554622709,-0.3389793126064208,17.440000534057617,-0.37216295687621004,-0.09089854260166583
2025-11-30,6849.08984375,23365.689453125,16.350000381469727,176.57696533203125,90394.3125,0.0012996181666717899,0.13538768724835704,0.033409692513845846,0.0,-0.01514318549655147,0.21581240815906733,0.0483142573186544,-0.01514318549655147,-0.0625000068353948,0.21021466354356577,0.14591254086619176,-0.7269994899299379,-0.12588275497202583,0.2806565128828724,0.11810892078117403,-0.12588275497202583,-0.1749043673304268,-0.06277658404343811,0.10453202752270213,-0.21911095663441782,0.21581240815906733,0.1480909332760429,0.13538768724835704,-0.12304570115077325,0.2806565128828724,-0.7966167788994667,-0.06277658404343811,-0.7059123276274276,16.350000381469727,-0.56021569805043,-0.40753991449041094
2025-12-31,6845.5,23241.990234375,14.949999809265137,186.06460571289062,87508.828125,-0.0005241344225139777,0.1638780638006745,0.031706931664589745,-0.0005241344225139777,-0.005294053873229787,0.20357537743028198,0.04864239545403657,-0.020357070529950172,-0.08562694431440387,-0.13832856019806528,0.12372572870586675,-0.750375689403511,0.05373090631056576,0.38916540459304416,0.11697140317395904,-0.07891564317497801,-0.031921083253993454,-0.06336749968935373,0.10454870784743567,-0.24403778079982186,0.20357537743028198,0.11405074248473426,0.1638780638006745,0.04950101057110137,0.38916540459304416,-0.6518424059974851,-0.06336749968935373,-0.6802900404539448,14.949999809265137,-0.7938667976141109,-0.392489498201941
2026-01-31,6939.02978515625,23461.8203125,17.440000534057617,190.68380737304688,78621.1171875,0.013662958900920286,0.148745231288808,0.031410428385364536,0.0,0.009458315570577636,0.19535818049687093,0.04868681081591608,-0.011091298556537454,0.16655523455253318,0.061472928187570774,0.131952286350819,-0.7087994538020984,0.024825794473151808,0.5922569092350847,0.10855623268305548,-0.056048992240004814,-0.10156359224471101,-0.2322533158201544,0.10356046305889378,-0.3208160193830756,0.19535818049687093,0.09657494708402559,0.148745231288808,-0.04193660080107069,0.5922569092350847,-0.4033578731641599,-0.2322533158201544,-0.7588678742068087,17.440000534057617,-0.3026393803233166,-0.282045356282266
2026-02-28,6878.8798828125,22668.2109375,19.860000610351562,176.77633666992188,66995.859375,-0.008668344740704326,0.15524055467503572,0.031024729645312898,-0.008668344740704326,-0.03382556700330619,0.2027312048831651,0.04809598790180163,-0.0445416960973658,0.1387614680153284,0.011716834407443644,0.1257945828821816,-0.6683920385248121,-0.07293472316669725,0.4188156090592856,0.11377553952777186,-0.12489579767390491,-0.14786431722631777,-0.2059562517448329,0.09986662468998803,-0.4212430949480497,0.2027312048831651,0.1556873069227731,0.15524055467503572,0.011113541098409497,0.4188156090592856,-0.5914687925081884,-0.2059562517448329,-0.7192480257326599,19.860000610351562,0.20395400613269463,-0.18799239281739422
2026-03-31,6528.52001953125,21590.630859375,25.25,174.00225830078125,68233.3125,-0.050932690968577,0.1633454040865847,0.029697187851053908,-0.05915953358539394,-0.047537058883741046,0.2480646332557923,0.04233402739619859,-0.0899613737509447,0.27139975951657447,0.13330337620387467,0.14321443141355733,-0.5783937175266647,-0.015692588846438205,0.6095321283285557,0.10258319410313496,-0.1386284481187987,0.01847059111628857,-0.17341962308142866,0.10027118230938013,-0.41055311279910645,0.2480646332557923,0.40991193074602805,0.1633454040865847,0.10348678896769561,0.6095321283285557,-0.36180109131061394,-0.17341962308142866,-0.7675244383498675,25.25,1.2533933756466127,0.12749331313997098
2026-04-30,7209.009765625,24892.310546875,16.889999389648438,199.1148681640625,76304.3203125,0.10423338582985764,0.2944751340040954,0.03877246589775744,0.0,0.15292187194550433,0.42679271238617167,0.0569473276251918,0.0,-0.3310891330832302,-0.3161943778159454,0.17184848376380182,-0.7179829760932047,0.14432347090502384,0.8326940276036259,0.10548158395866591,-0.01431231601245686,0.1182854461667826,-0.19003824344845843,0.09727827232766716,-0.3408301247549276,0.42679271238617167,1.2697803320330674,0.2944751340040954,0.9796886779574054,0.8326940276036259,-0.09890834914770345,-0.19003824344845843,-0.8190949066119336,16.889999389648438,-0.4024061876311875,0.18581191331992963
2026-05-31,7580.06005859375,26972.619140625,15.319999694824219,210.6584930419922,73579.6875,0.05147035515724263,0.28221542972036096,0.03795041898981901,0.0,0.08357233812556486,0.41116168092987615,0.05581330272046611,0.0,-0.09295439618467016,-0.17501346545018148,0.15813674661781438,-0.7441976982642586,0.05797470065579535,0.5628635974317158,0.08829841531522606,0.0,-0.035707451443659055,-0.2968173935221369,0.08920748994923233,-0.36436740106836385,0.41116168092987615,1.203825097222515,0.28221542972036096,0.9227036386810344,0.5628635974317158,-0.40583888805281565,-0.2968173935221369,-0.9003350238477645,15.319999694824219,-0.7074008501575867,0.02259079476907655
2026-06-30,7499.35986328125,26213.720703125,16.450000762939453,199.86634826660156,58558.859375,-0.010646379407113993,0.20860919543667023,0.037890258076741776,-0.010646379407113993,-0.02813588230135866,0.2868958056828732,0.05699003912040498,-0.02813588230135866,0.07375986231233411,-0.01673632916665624,0.15653011922050822,-0.7253297557090521,-0.05123052301166586,0.26815932261775743,0.08199830357562388,-0.05123052301166586,-0.20414367925930643,-0.45341227651386906,0.10128821722359438,-0.4941277784714231,0.2868958056828732,0.6368225702900158,0.20860919543667023,0.46349247902772006,0.26815932261775743,-0.7276635500130275,-0.45341227651386906,-1.0349414786958533,16.450000762939453,-0.486265767277406,-0.2297111493337102
2026-07-31,7489.72021484375,25373.849609375,15.989999771118164,200.52561950683594,62813.74609375,-0.0012853961689047733,0.18145753034855927,0.03818681072547127,-0.011918090760716149,-0.03203936988807077,0.2012740258762753,0.058865839296445725,-0.059273796249249,-0.027963584832022326,-0.04366026149613944,0.15690740209454004,-0.7330105203861144,0.0032985604928097434,0.1301364455832683,0.0754010416116811,-0.0481009494980883,0.07265999994129846,-0.4573711028848523,0.10043455243900534,-0.4573711028848523,0.2012740258762753,0.24237856875942693,0.18145753034855927,0.3025393543220493,0.1301364455832683,-0.8674710825063834,-0.4573711028848523,-1.0185156435009004,15.989999771118164,-0.5685085008161923,-0.3819154607484
2026-08-31,7686.14013671875,26370.890625,14.920000076293945,220.53323364257812,78548.6328125,0.026225268266459212,0.18975713292778895,0.038317933543758786,0.0,0.03929403819184851,0.22909408823219368,0.05921519915925198,-0.02230886487099437,-0.0669168048868205,-0.028645806654821526,0.15621165510491775,-0.7508766033002705,0.09977585001332034,0.26922770909695104,0.07848315839910654,0.0,0.25050068969402917,-0.27428843566895733,0.13123425606446598,-0.3214421899095974,0.22909408823219368,0.38307718929179785,0.18975713292778895,0.37466671124626494,0.26922770909695104,-0.697851244084314,-0.27428843566895733,-0.8145309190996638,14.920000076293945,-0.7723909604656872,-0.30540584462232045
2026-09-30,7683.68994140625,26820.380859375,16.06999969482422,228.86000061035156,83399.3984375,-0.00031878098355175855,0.14879807702837056,0.03799946569671185,-0.00031878098355175855,0.017044939466279496,0.18359970435940598,0.05804209643859975,-0.00564417865600253,0.07707772202746055,-0.012899323277888564,0.15679275509093876,-0.731674739378912,0.03775742472115917,0.22954388914948587,0.0771919591385611,0.0,0.061754933871084106,-0.2687860735182437,0.13165375785222502,-0.27953789721975697,0.18359970435940598,0.1725329493595504,0.14879807702837056,0.10635915505732176,0.22954388914948587,-0.7349197514130564,-0.2687860735182437,-0.8032690259968073,16.06999969482422,-0.5245735824788498,-0.35677405109436827
